city,area_name,place_id,name,lat,lng,rating,user_ratings_total,price_level,types,address
台中市,北區,ChIJH-emN-c9aTQRQdoHLBm2H88,PHASE Coffee Espresso 西區模範店 咖啡&費南雪,24.1485361,120.6683595,4.5,71.0,,"cafe,food,point_of_interest,establishment",民權路225巷12號
台中市,北區,ChIJe0K3Z5oXaTQRMAeRRsHBIP8,青燕焙煎所AOIWA Coffee - 賣牛肉麵的咖啡館,24.1735764,120.6674594,5.0,1124.0,,"cafe,store,restaurant,food,point_of_interest,establishment",文心路三段403巷4號
台中市,北區,ChIJw3BhNws9aTQRqXd7i8dZAoQ,Coffee Industry-Café Sora︱Coffee︱Dessert︱Select,24.143555,120.6701035,4.4,494.0,2.0,"cafe,food,point_of_interest,establishment",民生路179號
台中市,北區,ChIJqcHnxAo9aTQRWmCeFYcyzBE,DM CAFE,24.143751,120.6680648,4.7,577.0,1.0,"cafe,food,point_of_interest,establishment",民生路225巷11號
台中市,北區,ChIJa_ffbegXaTQR4mi9UsYYn4k,成真咖啡 ComeTrue CAFE 台中太原崇德店,24.1654325,120.6847798,4.7,204.0,,"cafe,store,restaurant,food,point_of_interest,establishment",崇德路一段523號
台中市,北區,ChIJe7rMARQ9aTQRPq_rBa0i1l0,屋七咖啡所 うち (U-JI CAFE),24.1463597,120.6609932,4.7,359.0,,"cafe,store,food,point_of_interest,establishment",向上南路一段32號
台中市,北區,ChIJS7cspXU9aTQRkAbuBxBKg8Q,coffee stopover,24.1479785,120.6680138,4.8,1849.0,2.0,"cafe,store,food,point_of_interest,establishment",民權路217巷24號
台中市,北區,ChIJyXuha8cXaTQRJmmGHsftWaM,Raven Coffee｜台中不限時咖啡廳,24.1758745,120.6869595,4.9,99.0,,"cafe,food,point_of_interest,establishment",大連路二段135號
台中市,北區,ChIJXSNk8ps9aTQRDpOr6ajOafE,無敵咖啡,24.1395915,120.6810793,5.0,511.0,,"cafe,store,restaurant,food,point_of_interest,establishment",中山路107號
台中市,北區,ChIJ1YQHhDQXaTQRTfHZMrovjTA,咖啡候機室 台中崇德店,24.1730926,120.6856397,4.9,234.0,,"cafe,store,food,point_of_interest,establishment",崇德路二段178號1樓
台中市,北區,ChIJy6FXbe49aTQRxQHtSM7_lW4,L'USiNE Café 早午餐咖啡廳,24.1524861,120.6608111,4.7,1622.0,,"cafe,store,restaurant,food,point_of_interest,establishment",忠誠街69號
台中市,北區,ChIJkQRlY5k9aTQR6zu4ahtjHls,秋多咖啡 Chiutio Coffee,24.1562344,120.679069,4.9,466.0,,"cafe,store,food,point_of_interest,establishment",大德街16號
台中市,北區,ChIJ-wVOCJg9aTQR8LJTcDZRAVI,Create Cafe 創造咖啡店,24.1540201,120.6647127,4.7,289.0,,"cafe,restaurant,food,point_of_interest,establishment",臺灣大道二段349號
台中市,北區,ChIJBROjIdU9aTQRYaTMux7azhE,Brewsome Coffee 梅亭店 (早午餐點供應至 平日:15:00，假日:17:00),24.1604606,120.6777498,4.7,279.0,,"cafe,store,restaurant,food,point_of_interest,establishment",梅亭街438號
台中市,北區,ChIJj3ruWDUXaTQRXWSKEK-OKoY,滴藝術咖啡館,24.1693364,120.681478,4.9,296.0,,"cafe,store,restaurant,food,point_of_interest,establishment",綏遠路二段20號
台中市,北區,ChIJ_yGBMjA9aTQRmYzKYx64cx0,孔雀咖啡 PEACOCKS COFFEE 【 早午餐點供應至 16:00】,24.1444114,120.6777739,4.7,709.0,2.0,"cafe,food,point_of_interest,establishment",大誠街5號
台中市,北區,ChIJuegmP28XaTQRLVjaBN3r6JM,CAFFÈ SENNIGHT ROASTER 咖啡柒夜,24.1634085,120.6693192,4.7,57.0,,"cafe,food,point_of_interest,establishment",忠明七街41號
台中市,北區,ChIJPyI4SjY9aTQROUtMEAOTtFc,櫻桃計畫咖啡館｜一中門市,24.1466267,120.685984,4.6,161.0,,"cafe,store,food,point_of_interest,establishment",雙十路一段89號
台中市,北區,ChIJNSGTSgw9aTQRNy6EDGYn-m0,Flora Caffè,24.1392414,120.674543,4.8,186.0,2.0,"cafe,food,point_of_interest,establishment",大明街10號
台中市,北區,ChIJxUG6PX89aTQRT0sl2zls30I,HAUSINC CAFE,24.1618883,120.6678783,4.6,910.0,2.0,"cafe,food,point_of_interest,establishment",忠太西路39號
台中市,北區,ChIJbZYFDgA9aTQRlEH7TNIVyDE,92度半咖啡 北美店,24.1578673,120.6573853,4.8,131.0,,"cafe,food,point_of_interest,store,establishment",臺灣大道二段607號
台中市,北區,ChIJFZ4u98AXaTQRjOTmlvr9XDs,梨子 崇德店,24.1818373,120.685714,4.4,4079.0,2.0,"meal_delivery,cafe,restaurant,food,point_of_interest,store,establishment",崇德路三段1號
台中市,北區,ChIJCUReNbI9aTQRbyOqNGBUyyY,成真咖啡Cometrue 台中審計店(創始店）,24.1444404,120.6623194,4.5,2847.0,2.0,"cafe,food,point_of_interest,establishment",民生路370號
台中市,北區,ChIJSyMYqgEXaTQRmB5Q1kZCSWY,小多山咖啡,24.1739799,120.6691909,4.9,154.0,,"cafe,food,point_of_interest,store,establishment",大連西路67號
台中市,北區,ChIJMUic6-49aTQR-l7VZyPD9k0,nnud café,24.1590383,120.6941404,4.8,126.0,,"cafe,food,point_of_interest,store,establishment",進化路567號
台中市,北區,ChIJpVi7fgAXaTQRwOCR6BVs6lE,HerCafe喝咖啡(咖啡飲品暢飲/不限時/插座/多種食物每日變換)－試營運中,24.182417,120.678942,4.6,147.0,,"cafe,food,point_of_interest,store,establishment",榮德路298號1、2樓
台中市,北區,ChIJw1E6NBM9aTQRMyKA_VX61TY,順咖啡,24.1413257,120.6814278,4.7,514.0,2.0,"cafe,food,point_of_interest,establishment",市府路107巷1-2號
台中市,北區,ChIJXbddG0A9aTQRJB4fegE_Np4,BeanGood Café 冰穀咖啡草悟店（實際營業時間依店家FB&IG公告為主）,24.1498515,120.6672041,4.8,862.0,2.0,"cafe,bakery,food,point_of_interest,store,establishment",模範街46巷6號
台中市,北區,ChIJM96pa0o9aTQRYdoqt-oJ6-Y,REING CAFE 咖啡廳｜早午餐｜下午茶,24.1407907,120.6846479,4.8,923.0,,"cafe,restaurant,food,point_of_interest,store,establishment",光復路42-3號2樓
台中市,北區,ChIJcYDi3vkXaTQRB1L1W47fHmo,果咖 精品咖啡 台中旗艦店,24.1756463,120.6859809,4.8,184.0,2.0,"restaurant,cafe,food,point_of_interest,store,establishment",大連路二段50號
台中市,北區,ChIJJS2DgAQ9aTQRArIMR1Ob-hM,McCafé咖啡-台中館前店,24.1566931,120.6664254,4.8,26.0,,"cafe,restaurant,food,point_of_interest,store,establishment","號2樓, No. 1館前路"
台中市,北區,ChIJ5W_FYgw9aTQRvMfq0aI3dMo,Caster 咖啡｜外帶吧｜磅蛋糕《向上店》,24.1464625,120.667027,4.9,204.0,,"cafe,restaurant,food,point_of_interest,store,establishment",向上路一段27-15號號
台中市,北區,ChIJ9z29aFkXaTQRN1YFy8ADp1o,丁威分享咖啡-北屯精品咖啡|人氣咖啡|手沖咖啡|精品咖啡豆|精品咖啡廳|咖啡廳推薦|自家烘焙咖啡|咖啡豆首選,24.1670982,120.6882748,5.0,53.0,,"cafe,restaurant,food,point_of_interest,establishment",漢口路五段93號
台中市,北區,ChIJsdo0BRU9aTQR87Lb5drkCkk,KroX Coffee HQ｜公休日、訂位資訊以IG為主｜跨蒔咖啡｜復古咖啡｜港風｜寵物友善｜附停車場,24.1593694,120.67473,4.7,172.0,,"cafe,food,point_of_interest,store,establishment",健行路656號
台中市,北區,ChIJcV-tFK49aTQRJhdJ6afExjU,PHILMAR 白霧咖啡,24.1527113,120.6706597,4.9,196.0,1.0,"cafe,restaurant,food,point_of_interest,establishment",西屯路一段147-24號
台中市,北區,ChIJrZWdKJw9aTQRy3d5Y122Rlw,做咖啡 hecho cafe & wine,24.1513983,120.6623315,4.5,2788.0,2.0,"cafe,restaurant,food,point_of_interest,store,establishment",美村路一段149巷12號
台中市,北區,ChIJl_aVVAk9aTQRAE47iIS0J7A,Roundabout Cafe 圓環咖啡《梅川店》,24.1564324,120.6756668,4.6,333.0,2.0,"cafe,restaurant,food,point_of_interest,store,establishment",梅川東路三段207號
台中市,北區,ChIJAyI79k0XaTQR7VwX0XkhF5I,黑宿咖啡 Hei-Siou Café｜台中自烘咖啡廳,24.1764409,120.6650183,5.0,49.0,,"cafe,food,point_of_interest,store,establishment",三和一巷2弄1號
台中市,北區,ChIJeRtAO2M9aTQRq392OmTw634,貓咪跑跑咖啡廳,24.1604885,120.6785067,4.7,1925.0,2.0,"cafe,restaurant,food,point_of_interest,store,establishment",大德街131號
台中市,北區,ChIJzTVhCa89aTQRW_AOEnFJijE,Cuteness Overload 鮮花咖啡（店休日於ig公告）,24.160974,120.6836251,4.8,117.0,,"cafe,florist,restaurant,food,point_of_interest,store,establishment",大義街101號
台中市,北區,ChIJiWuaazM9aTQRLuL5Mb3n9Ps,覓郵咖啡MIYO Coffee｜自家烘豆,24.140213,120.6854549,4.9,325.0,2.0,"cafe,store,food,point_of_interest,establishment",光復路14號
台中市,北區,ChIJGz7AdZs9aTQRyjn724iqIs4,台灣惠蓀咖啡,24.1456113,120.6623989,4.5,407.0,1.0,"cafe,store,food,point_of_interest,establishment",昇平街60號
台中市,北區,ChIJnQ5rtPY9aTQRLrls_3GiKjA,CUP&GO來速咖啡公園路站,24.146563,120.6829332,4.9,96.0,,"cafe,store,food,point_of_interest,establishment",三民路三段50號
台中市,北區,ChIJK69iezk9aTQRd1yXxAbqZ3Q,暖活咖啡 nuanhuo cafe,24.1581321,120.6613831,4.8,132.0,,"cafe,store,restaurant,food,point_of_interest,establishment",華美西街一段142號1樓
台中市,北區,ChIJ1WiAy5IXaTQRsxd2eTsmYvg,客美多咖啡 Komeda's Coffee 台中崇德店,24.1728409,120.6857394,4.2,842.0,2.0,"cafe,store,restaurant,food,point_of_interest,establishment",崇德路二段168號
台中市,北區,ChIJ7z8Mrrs9aTQR9zTGRnFmkTk,WAKA café 瓦卡咖啡 台中公益店,24.1509773,120.6683993,4.7,198.0,,"cafe,food,point_of_interest,establishment",公益路30號
台中市,北區,ChIJ5UefzOc8aTQROJzP3jPHNL8,亨利貞-精品咖啡·江浙麵食·甜點 咖啡館 台中推薦手沖咖啡|精品咖啡|必喝咖啡|台中精品咖啡廳|特色咖啡廳,24.1380812,120.6636248,4.6,284.0,2.0,"cafe,food,point_of_interest,establishment",五權西二街56號
台中市,北區,ChIJQVGbg_qraTQRYdqBpaiZtFQ,Ritrovare coffee / 尋品·旬品 咖啡,24.173263,120.6786998,4.7,187.0,,"cafe,food,point_of_interest,establishment",文心路四段271號
台中市,北區,ChIJFWcdmMc9aTQRpnmtJsoU9rY,BUBU ART CAFE 橘子布藝術咖啡（台中審計店）,24.1447359,120.6624653,4.7,301.0,,"cafe,store,restaurant,food,point_of_interest,establishment",民生路368巷3號
台中市,北區,ChIJyVmy7mQ9aTQRZ2RCcRwz3W8,Coffee Love - 手沖 ‧ 義式咖啡｜咖啡豆｜家庭早午餐,24.1564597,120.6791495,4.8,45.0,,"cafe,food,point_of_interest,establishment",育德路2巷36號
台中市,北區,ChIJudb0xKsXaTQRrZinrR1fyJ8,Stolentime Cafe 偷時咖啡（特別休假請看IG）台中咖啡｜手沖｜義式咖啡｜咖啡豆販售｜咖啡器材,24.1593511,120.7017324,5.0,50.0,,"cafe,store,food,point_of_interest,establishment",東成二街63號
台中市,北區,ChIJ00BkDoE9aTQRndY-gwkcp9o,酒窩咖啡,24.1637862,120.6622294,4.6,240.0,2.0,"cafe,food,point_of_interest,establishment",西屯路二段10-8號
台中市,北區,ChIJ3WfNmYIXaTQRY289zj2aFOk,手沖心情咖啡館（茶飲）,24.1765417,120.6727673,4.9,146.0,,"cafe,food,point_of_interest,establishment",瀋陽北路18號對面號
台中市,北區,ChIJ42yUkpM9aTQRoi9T6fkR9KA,光萃咖啡｜外帶專門店（外送請提前一天訂購）,24.1626549,120.6635029,4.8,226.0,,"bakery,cafe,store,restaurant,food,point_of_interest,establishment",西屯路一段439號
台中市,北區,ChIJg4Ga9wo9aTQRnfdrA2jJJNs,歐舍咖啡 台中門市,24.143283,120.6693162,4.5,1019.0,2.0,"cafe,store,food,point_of_interest,establishment",五權路14號
台中市,北區,ChIJBb3GGgo9aTQRya8wBIkifcU,里厚來坐忠勤街自家烘焙咖啡店,24.1401742,120.6667536,4.7,249.0,2.0,"cafe,food,point_of_interest,establishment",忠勤街155號
台中市,北區,ChIJm0l4-9IXaTQRkthEOQ5__Rs,Café de Alluré 薾麓咖啡,24.1743693,120.6683597,4.9,110.0,,"cafe,food,point_of_interest,establishment",中清西二街25號
台中市,北區,ChIJV5bQNAA9aTQRg8_O35kcYms,Coffee Here（營業時間以IG為主）,24.1551633,120.6739873,4.9,224.0,,"cafe,store,food,point_of_interest,establishment",篤行路316巷2號
台中市,北區,ChIJLeErQ3Q9aTQRrmNzMAa1G0c,Reborn Cafe 重生自家烘焙咖啡店,24.147434,120.669866,4.7,86.0,,"cafe,store,food,point_of_interest,establishment",民權路302-1號
台中市,北區,ChIJzzSoMC8XaTQR7hZVGRnzCVE,茜草咖啡台中店,24.1714836,120.6649451,4.8,123.0,,"cafe,store,food,point_of_interest,establishment",漢成六街49號
台中市,西屯區,ChIJl6YeNgAXaTQRiqGkifkbtOc,異象咖啡 Vision Coffee,24.1703021,120.6588098,5.0,27.0,,"cafe,store,food,point_of_interest,establishment",永昌一街13號
台中市,西屯區,ChIJy3Mcf309aTQR-0AyrGNc7Eg,jt coffee,24.1625621,120.6447607,4.4,2657.0,2.0,"cafe,store,food,point_of_interest,establishment",惠中路一段88號26樓
台中市,西屯區,ChIJKZIxuH09aTQRQWIlrx9QlJw,BAE。捌點咖啡廳,24.1588676,120.6402331,4.8,217.0,,"cafe,store,restaurant,food,point_of_interest,establishment",市政路398號1樓
台中市,西屯區,ChIJ4VYxHZI9aTQRcoKZTzslWcs,Weeee Café（不接待10歲以下孩童)（手沖/冰滴/1+1/早午餐/甜點/咖啡豆/活動包場/LINE:@302uwwec可訂餐）,24.1623776,120.6516707,4.9,678.0,,"cafe,store,food,point_of_interest,establishment",四川三街1號1樓
台中市,西屯區,ChIJWVJeAOoXaTQRVWttyLvHpLY,Uni Cafe與你咖啡-西屯輕食點心|網美下午茶|人氣咖啡|手沖咖啡|網美咖啡廳|熱門咖啡館,24.1859878,120.6406886,4.7,732.0,,"cafe,store,food,point_of_interest,establishment",漢翔北街37號
台中市,西屯區,ChIJNYgmUjM9aTQROZeYeik1agw,別有天地咖啡輕食館,24.1590139,120.6538569,4.8,22.0,,"cafe,food,point_of_interest,establishment",大墩二十街96號1樓
台中市,西屯區,ChIJX5Z8YswXaTQRmFxmVDlBxx4,Lazy Coffee,24.1746252,120.6700083,4.9,77.0,,"cafe,meal_delivery,store,food,point_of_interest,establishment",大連西路28巷5號1F
台中市,西屯區,ChIJG-FXIYU9aTQRWeHj2sGu43g,好合咖啡早午餐Cafè 市政門市,24.1644348,120.635732,4.6,178.0,,"cafe,restaurant,food,point_of_interest,establishment",市政北二路316號
台中市,西屯區,ChIJ4QUSd5k9aTQR2xXuyLOoV6A,Coffury Studio No.71,24.1644727,120.6697752,4.4,614.0,2.0,"cafe,store,food,point_of_interest,establishment",忠太西路71號
台中市,西屯區,ChIJTzjSw04WaTQRhLpzQMEkIv4,柏咖啡｜coffee｜鬆餅,24.1960335,120.6584649,4.9,178.0,,"cafe,food,point_of_interest,establishment",中清路二段1386巷11號
台中市,西屯區,ChIJXcOjL4E9aTQRRXJ-Wx4ONUM,普魯斯特咖啡館（故事館）,24.1835169,120.6470018,4.9,68.0,,"cafe,food,point_of_interest,establishment",文華路162巷17號複合店1樓
台中市,西屯區,ChIJ6S1JzyAWaTQRtji3xiE4B3o,Raven Coffee 逢甲店｜台中咖啡廳,24.172122,120.64805,4.6,740.0,2.0,"cafe,food,point_of_interest,establishment",河南路二段301巷58號
台中市,西屯區,ChIJlQYBQI49aTQRqrHgdxS5gu8,亮點咖啡,24.1605359,120.6501837,4.8,50.0,,"cafe,food,point_of_interest,establishment",大恩街50號
台中市,西屯區,ChIJcZ9_AyAXaTQR-BikhArNwoY,Coffee steady cheers,24.1722452,120.6729015,4.8,195.0,,"cafe,food,point_of_interest,establishment",青島西街34巷1號
台中市,西屯區,ChIJ6VunojsJaTQRXoMhkI-7898,典門咖啡,24.1622816,120.6540588,4.9,270.0,2.0,"cafe,food,point_of_interest,establishment",四川路130號
台中市,西屯區,ChIJJ3d0B_E9aTQRCuxgGsDWyaw,The CURVE Coffee Roasting Co. 曲線咖啡 - SCAA Campus.,24.165516,120.634878,4.6,200.0,,"cafe,store,food,point_of_interest,establishment",黎明路二段912-1號
台中市,西屯區,ChIJ1cJw6V0XaTQRwQF67NiaDL0,滴咖濃能量咖啡—不限時咖啡廳｜提供插座｜自家烘焙｜會議場地租借｜寵物友善,24.1852734,120.6418913,4.9,309.0,,"cafe,store,food,point_of_interest,establishment",漢翔路216號
台中市,西屯區,ChIJ4as4B489aTQRpWgTfDQyup4,Match Café 默契咖啡,24.161639,120.6520644,4.6,1669.0,2.0,"cafe,food,point_of_interest,establishment",臺灣大道二段902號
台中市,西屯區,ChIJ_2X5s0cXaTQRmO5jy5pbSy8,OMOMO 韓系飲品咖啡廳,24.1760684,120.6575225,4.6,592.0,2.0,"cafe,store,food,point_of_interest,establishment",河南路二段93號
台中市,西屯區,ChIJtyqXd_Q9aTQRey5kBggTWNg,CROSS CAFFE 就享 手沖單品 義式咖啡 自家烘焙工作室,24.1577218,120.6480229,4.7,223.0,,"cafe,food,point_of_interest,establishment",大墩十八街181號
台中市,西屯區,ChIJ85jRjIE9aTQRe3ufunX6NJ8,PUSH Café 推｡ 咖啡,24.1618696,120.6644261,4.6,60.0,1.0,"cafe,food,point_of_interest,establishment",西屯路一段482號
台中市,西屯區,ChIJm6jyW5AVaTQRo-OECAdZYtg,MEOW CAFE 喵屋專業咖啡/最多品種貓咪網美咖啡廳/可活動包場,24.1846292,120.6196438,5.0,3330.0,,"cafe,store,food,point_of_interest,establishment",福科路372號2樓
台中市,西屯區,ChIJa8kmTCMXaTQR33FgnDSWUag,咖啡熊台中逢甲店,24.1793179,120.6472216,4.8,85.0,,"cafe,food,point_of_interest,establishment",文華路100號B1F
台中市,西屯區,ChIJoQpr034XaTQRQEnCAwnL3Rc,禾果咖啡 Fruit Cafe - 精品咖啡｜自家烘焙｜會議場地租借｜附設停車場,24.1852314,120.6407254,4.7,456.0,2.0,"cafe,food,point_of_interest,establishment",漢翔路256號
台中市,西屯區,ChIJsyY63tQXaTQRgPsYcPf0HKk,客美多咖啡 Komeda‘s Coffee - 台中黎明店,24.1777167,120.6373363,4.1,806.0,,"cafe,store,food,point_of_interest,establishment",黎明路三段257號
台中市,西屯區,ChIJX2_h5vA9aTQRv08Nouj1KL4,瓊恩咖啡,24.1666419,120.633978,4.3,187.0,,"cafe,food,point_of_interest,establishment",朝貴路178號
台中市,西屯區,ChIJL8P3JCA9aTQRKROlhFdi4f0,CAFFÈ MAIALE | 麥安捏咖啡,24.1570737,120.6576332,5.0,83.0,,"cafe,store,food,point_of_interest,establishment",精誠二街12號1F
台中市,西屯區,ChIJsaSK93M9aTQR_QX2DUQbuL8,CAMA CAFE 秋紅谷朝富店,24.1665224,120.6372605,4.8,142.0,1.0,"cafe,store,food,point_of_interest,establishment",朝富路50號
台中市,西屯區,ChIJtdjZuj4XaTQRfJ5XeJISJZ8,Refine13_coffee 咖啡、甜點、布丁、下午茶,24.1658107,120.669948,4.8,218.0,2.0,"cafe,store,restaurant,food,point_of_interest,establishment",太原五街13號
台中市,西屯區,ChIJ25f_oBE9aTQRi3EItt1Z6Yg,Cuppa VV Cafe 博館店（無訂位）,24.1571368,120.6619835,4.4,997.0,2.0,"cafe,food,point_of_interest,store,establishment",博館三街103號
台中市,西屯區,ChIJdcX59ZE9aTQRtyzH6IMOC1U,目覺咖啡,24.1582715,120.6486842,4.4,987.0,2.0,"cafe,food,point_of_interest,store,establishment",大恩街8號
台中市,西屯區,ChIJ4_LjSG49aTQR8oous12Z17I,CAFE!N 硬咖啡 台中新光門市,24.1653553,120.6435703,4.1,102.0,,"cafe,food,point_of_interest,establishment",臺灣大道三段301號1樓
台中市,西屯區,ChIJnTYGkPA9aTQR9XXDSWpkvUo,Deep Island Coffee 深島咖啡,24.1592481,120.655053,4.7,43.0,,"cafe,food,point_of_interest,establishment","1樓, No. 727號臺灣大道二段"
台中市,西屯區,ChIJ6Q7xZJAXaTQRSJUT3GpoZgY,台中咖啡友樂,24.1865382,120.6642596,4.9,142.0,,"cafe,food,point_of_interest,store,establishment",中清路二段808巷22號一樓
台中市,西屯區,ChIJFXRci_I9aTQRTMxSi3xgAWA,好樣劇場咖啡,24.1632243,120.6404061,4.0,877.0,2.0,"cafe,restaurant,food,point_of_interest,store,establishment",惠來路二段101號1F
台中市,西屯區,ChIJ2_YvByk9aTQRfxEzM0Eikjw,Piknic Coffee,24.1597929,120.6447916,4.3,170.0,,"cafe,restaurant,food,point_of_interest,store,establishment",府會園道23號
台中市,西屯區,ChIJS0qRP0oWaTQREDAlSOIp6wM,夯咖啡,24.1902782,120.6615765,4.6,28.0,,"cafe,food,point_of_interest,establishment",中清路二段1040號
台中市,西屯區,ChIJH3yw6Io9aTQRzK8R7lfOyjk,義斯柏特 Expert Cafe' - 咖啡廳｜甜點蛋糕｜生日蛋糕｜輕食｜包場聚會｜場地租借｜手沖咖啡｜拉花｜體驗課程｜室內｜聚餐｜外燴｜茶會｜慶生｜同學會｜咖啡機｜餐飲設備｜會議,24.1698907,120.6456809,4.5,124.0,,"cafe,restaurant,food,point_of_interest,store,establishment",上石路158號2F
台中市,西屯區,ChIJVVX5x_A9aTQRnp032zCH958,哈咖啡,24.1677483,120.6338828,4.7,43.0,,"cafe,food,point_of_interest,establishment",朝貴路199號
台北市,中山區,ChIJZ7B5RRerQjQRUYpjFzzwdHU,HOOD COFFEE,25.0400544,121.5472278,4.7,163.0,,"cafe,store,food,point_of_interest,establishment",仁愛路四段71巷28-3號
台北市,中山區,ChIJN0s2zqapQjQR-yiu-_xN8-c,After5_步驟六,25.0562393,121.5239687,4.7,648.0,,"cafe,store,food,point_of_interest,establishment",林森北路310巷34號
台北市,中山區,ChIJxWTf08SrQjQR9nCBczJII1c,雲卷雲舒 La Nubes 精品咖啡．身心靈空間,25.0523771,121.5557471,4.9,113.0,2.0,"cafe,food,point_of_interest,establishment",南京東路四段133巷5弄16號1樓
台北市,中山區,ChIJmdeztGupQjQR0HprUpbHV9Y,Attracafe'-Taipei 爾淬咖啡,25.0585329,121.5323554,4.8,214.0,,"cafe,store,food,point_of_interest,establishment","號1樓, No. 3之2松江路226巷"
台北市,中山區,ChIJmQtlSDOpQjQRj5aVGxIw2PQ,BE COFFEE 咖啡外帶專門店,25.0525309,121.5105029,4.9,88.0,,"cafe,store,food,point_of_interest,establishment",塔城街43號
台北市,中山區,ChIJ_SBkQ8OtQjQRbrero6hj_8k,管家咖啡館,25.0792457,121.5450455,5.0,62.0,,"cafe,store,food,point_of_interest,establishment",北安路476巷15號
台北市,中山區,ChIJYR9wWIytQjQR8gzoVNqYgy8,波赫士領地精品咖啡館 提拉米蘇 千層蛋糕 BorgesPlace昌吉店,25.0657177,121.5172911,4.7,1080.0,2.0,"cafe,restaurant,bakery,store,food,point_of_interest,establishment",昌吉街22號
台北市,中山區,ChIJ1f0t2R6pQjQRTZfLwtoRksI,R2 平方咖啡,25.0494593,121.5205226,4.8,149.0,,"cafe,store,food,point_of_interest,establishment",長安西路26巷6號
台北市,中山區,ChIJcYmd9HmrQjQRYmueI_sUglQ,帶我走。咖啡Tómame Café（快進來帶我走吧🫶🏻🫶🏻🫶🏻）,25.0510981,121.5531147,4.8,170.0,,"cafe,food,point_of_interest,establishment",南京東路四段16號星展銀行同棟大樓內）（捷運小巨蛋站4號出口1樓
台北市,中山區,ChIJp9XLN26pQjQRtREBQp1tGA8,Coffee Sweet,25.0484058,121.5221791,4.7,786.0,2.0,"cafe,food,point_of_interest,establishment",中山北路一段33巷20弄3號
台北市,中山區,ChIJx5pbLJCrQjQR-bUq5x-2j2s,Sky Cofi 咖啡館,25.0520768,121.5462024,4.7,601.0,,"cafe,restaurant,store,food,point_of_interest,establishment",南京東路三段287號16樓
台北市,中山區,ChIJ_f4vTP2rQjQRtAW4s9KX-AY,Coffee Underwater,25.0527688,121.540137,4.7,714.0,,"cafe,store,food,point_of_interest,establishment",龍江路106巷4號
台北市,中山區,ChIJU44ddXirQjQRXl6nayWdmHI,香瓜咖啡 Melon Coffee,25.0508853,121.5446617,4.7,240.0,,"cafe,store,food,point_of_interest,establishment",南京東路三段256巷21號僅有一樓
台北市,中山區,ChIJv-oM0QSrQjQRAmShf6gVdHE,RUFOUS COFFEE ROASTERS 2,25.0614924,121.5422936,4.7,675.0,2.0,"cafe,food,point_of_interest,establishment",民權東路三段60巷12號
台北市,中山區,ChIJ13WfAXupQjQRPSGT92Z0z88,咖啡實驗室,25.0430077,121.5285759,4.6,747.0,2.0,"cafe,store,food,point_of_interest,establishment",忠孝東路二段64巷6號
台北市,中山區,ChIJgRTDjOupQjQR_92jlQE-hoI,桔咖啡（咖啡館暨SCA國際咖啡證照教學）-中山義式咖啡|手沖咖啡|網美咖啡廳|熱門咖啡館|精品咖啡廳|甜點推薦|咖啡廳推薦|自家烘焙咖啡,25.0678904,121.5233468,4.9,125.0,2.0,"cafe,food,point_of_interest,establishment","1樓, No. 2號中山北路三段55巷"
台北市,中山區,ChIJy8U9ZdapQjQR1jRUKqvu8LA,CAFE!N 硬咖啡 民權門市,25.0629812,121.522857,4.0,925.0,1.0,"cafe,food,point_of_interest,establishment",中山北路二段171號
台北市,中山區,ChIJEfselmGpQjQR7yaK-dqDBJ4,啡卡咖啡,25.0504562,121.5352467,4.4,4522.0,2.0,"cafe,food,point_of_interest,establishment",伊通街33號
台北市,中山區,ChIJgRbU1SKrQjQREeIz-NXP5_g,Oasis Coffee Roasters - Nanjing,25.0529187,121.5474658,4.7,217.0,,"cafe,food,point_of_interest,establishment",南京東路三段335巷13-1號
台北市,中山區,ChIJibZ1qP6rQjQR6p8ApU4WkvU,(beanroom) - 咖啡豆 Coffee Beans / 咖啡內用 Dine-in coffee,25.0439012,121.549808,4.9,57.0,,"cafe,food,point_of_interest,establishment",忠孝東路四段181巷40弄20號1樓
台北市,中山區,ChIJseK0CGmpQjQRkHFdKxmVk8A,libo Cafe.咖啡.coffee,25.0545945,121.521935,4.3,923.0,1.0,"cafe,bakery,restaurant,food,store,point_of_interest,establishment",中山北路二段42巷12號
台北市,中山區,ChIJOSHdzpqpQjQReth3v_hHnTk,興波咖啡 華山旗艦店,25.0439031,121.5276904,4.4,5265.0,2.0,"cafe,food,store,point_of_interest,establishment",忠孝東路二段27號
台北市,中山區,ChIJe6L4DQCpQjQRNhi2BUgMMeU,卡薩布蘭加 人文咖啡館,25.0525861,121.5139227,5.0,32.0,,"cafe,food,store,point_of_interest,establishment",重慶北路一段88號2樓
台北市,中山區,ChIJjybOnpmpQjQRHVLG0Qemneo,羊毛與花 ‧ 光點 youmoutoohana Coffee,25.0532985,121.5221338,4.1,925.0,2.0,"cafe,food,point_of_interest,establishment",中山北路二段18號1樓
台北市,中山區,ChIJV1WVoUipQjQRvlFjrkCSwMc,某咖啡 Mau Coffee（入口可從民生東路二段164巷進出）,25.0574392,121.5335615,4.6,446.0,,"cafe,food,store,point_of_interest,establishment",松江路209號1樓
台北市,中山區,ChIJcU3n7JSpQjQRzC_0GXv1Neg,Ageless Café 舞齡咖啡館 條通店,25.0507514,121.523582,4.9,238.0,,"cafe,food,point_of_interest,establishment",中山北路一段105巷15號
台北市,中山區,ChIJKxsPoU2pQjQRUpfs__F_r1Y,微停咖啡(歡迎帶毛孩來玩!!任何資訊請看IG:微停咖啡),25.060174,121.5189374,4.9,140.0,,"cafe,food,store,point_of_interest,establishment",錦西街88號
台北市,中山區,ChIJw7zAQEapQjQRWLc5Q9sMCik,ㄧ五六咖啡烘焙館 / Beans & Coffee(Roasting house),25.0692723,121.5196007,4.2,462.0,1.0,"cafe,food,point_of_interest,establishment","民族西路31巷24號24, Ln. 31. Minzu W. RdNo"
台北市,中山區,ChIJv9NDQACrQjQRoIiLhqrOdnw,暖嶼咖啡所 Warm Island & Coffee｜自烘咖啡所,25.046674,121.545885,4.8,77.0,,"cafe,food,store,point_of_interest,establishment",八德路二段346巷7弄42號
台北市,中山區,ChIJ2Ya5JMupQjQRNQe_LCiM33Q,Coftail by Coffee Space,25.0678774,121.5236264,4.8,122.0,,"cafe,food,store,point_of_interest,establishment",中山北路三段55巷12號
台北市,中山區,ChIJUX-lgjWpQjQRO1OC4UqI2iQ,附近咖啡,25.0497072,121.5193976,4.3,505.0,,"cafe,restaurant,food,bar,store,point_of_interest,establishment",長安西路78巷3弄4-1號
台北市,中山區,ChIJN7UIdHSpQjQR5B61Z59x-Q0,Instil Coffee - Zhongshan（中山店）,25.0521457,121.5183005,4.5,294.0,,"cafe,food,store,point_of_interest,establishment",承德路一段77巷25號
台北市,中山區,ChIJAYCMh9yrQjQRnRzCnR3athA,Full of Beans 充滿豆豆咖啡,25.047833,121.541085,4.7,215.0,2.0,"cafe,food,point_of_interest,establishment",龍江路21巷9之6號號1樓
台北市,中山區,ChIJP0NWDVepQjQRaNGeKWm-Mmk,PARC CAFE 泊咖啡,25.0531772,121.5316401,4.8,228.0,,"cafe,food,store,point_of_interest,establishment",一江街25號
台北市,中山區,ChIJvWmFPV-pQjQRu_TYuwH_cBo,CAFE RACO,25.0584224,121.5348997,4.5,838.0,2.0,"cafe,food,store,point_of_interest,establishment",民生東路二段147巷1號號1樓
台北市,中山區,ChIJdyN9F_mrQjQRpTAtu12_-c4,Cafe insomnie,25.0465146,121.5430856,4.7,258.0,2.0,"cafe,food,point_of_interest,establishment",復興南路一段30巷14號
台北市,中山區,ChIJW1L3BxqrQjQRqg4GsnJG3ns,不如咖啡外帶店 BLUBLU togo,25.0611674,121.5382483,4.9,38.0,,"cafe,food,point_of_interest,establishment",合江街180巷21號
台北市,中山區,ChIJoV5Vt-CrQjQRX99q0bEVO_k,Le Park Cafe公園咖啡館,25.0538831,121.5420318,4.5,1452.0,2.0,"cafe,food,store,point_of_interest,establishment",遼寧街146號
台北市,中山區,ChIJNecpT2SrQjQRlSwKa_vgBv4,九日咖啡（復興店）9 Days Coffee,25.0513241,121.5437946,4.7,247.0,1.0,"cafe,bakery,meal_delivery,restaurant,food,store,point_of_interest,establishment",復興北路88號
台北市,中山區,ChIJrQbisBKpQjQRl3vU2om-bTg,後站咖啡 Rear Station Café,25.0505564,121.5137985,4.4,158.0,,"cafe,food,point_of_interest,establishment",重慶北路一段31號1F
台北市,中山區,ChIJmbaHu4WrQjQRnt5V9hlc5yQ,One Ok Coffee,25.0521584,121.5421246,4.8,897.0,,"cafe,store,restaurant,food,point_of_interest,establishment",遼寧街135號
台北市,中山區,ChIJ4wxUtBWoQjQRmgSDVP95tgE,四維咖啡商號Cafe4way 民生社區咖啡/印度咖哩/美食/甜點,25.0594744,121.5582994,4.5,626.0,2.0,"cafe,store,restaurant,food,point_of_interest,establishment",民生東路五段69巷2之2號
台北市,中山區,ChIJU8Rid2CpQjQRk9T46LA3Ups,16.67 Cafe | 台北車站咖啡廳 | 咖啡 | 咖啡豆 | 咖啡機租賃 | 228公園咖啡廳,25.0435271,121.5155066,4.9,894.0,,"cafe,store,food,point_of_interest,establishment",襄陽路13-4號
台北市,中山區,ChIJrzD82IWpQjQRn9Sg813dzQU,Block & Cafe. 町咖啡,25.0508535,121.5152487,4.5,1182.0,2.0,"cafe,food,point_of_interest,establishment",太原路50號2樓
台北市,中山區,ChIJT2Oz1pKrQjQRRnykvhE9Bns,ALL DAY ROASTING COMPANY 民生店,25.0568643,121.5602372,4.4,2205.0,2.0,"cafe,food,point_of_interest,establishment",延壽街329號1樓
台北市,中山區,ChIJBbmkjBypQjQRVeQjmDrD6bY,春日好日 中山店-中山精品咖啡|手沖咖啡|咖啡廳推薦|自家烘焙咖啡|人氣布丁推薦|台灣咖啡豆|巴斯克蛋糕|下午茶推薦,25.0509348,121.5212433,4.8,120.0,,"cafe,store,food,point_of_interest,establishment",中山北路一段126巷16號
台北市,中山區,ChIJ7cXpQfqpQjQReWGmELwdv8A,meet蘋果咖啡館,25.044491,121.511246,4.9,2900.0,,"electronics_store,cafe,store,food,point_of_interest,establishment",博愛路86號
台北市,中山區,ChIJEypAtQisQjQRZ0zM2T_iyak,波赫士領地精品咖啡館 明水店 BorgesPlace 提拉米蘇 千層蛋糕,25.0775452,121.549736,4.7,2008.0,3.0,"bakery,cafe,store,restaurant,food,point_of_interest,establishment",明水路441號
台北市,中山區,ChIJYQ_vH-urQjQRharbCC_YFbs,1/2 CAFÉ,25.0517241,121.5584902,4.2,483.0,2.0,"cafe,food,point_of_interest,establishment","35號, 南京東路五段"
台北市,中山區,ChIJ95o_HvGpQjQRLgjt5v6gmak,MOJO 1921 咖啡 | 甜點 | 下午茶 | 餐盒 | 中山站 | 不限時｜包場活動,25.0505778,121.5195215,4.8,466.0,,"liquor_store,cafe,store,meal_takeaway,restaurant,food,point_of_interest,establishment",長安西路39號台北當代藝術館右側門
台北市,中山區,ChIJSePciUirQjQRhIzSuQJi65U,CAFE!N 硬咖啡 延吉門市,25.0411395,121.5544446,4.1,830.0,,"cafe,food,point_of_interest,establishment",忠孝東路四段250-2號
台北市,中山區,ChIJed1VkOOrQjQRXY5UTMT4-z0,旅沐咖啡錦州店,25.0601074,121.5419668,4.5,640.0,2.0,"cafe,store,food,point_of_interest,establishment",錦州街416號
台北市,中山區,ChIJK_BQd8-rQjQRrrEHdDAOqXM,Tzubi coffee,25.0393619,121.5515775,4.3,889.0,2.0,"cafe,food,point_of_interest,establishment",安和路一段21巷24號
台北市,中山區,ChIJl2thpeWrQjQR6-xtBFEkoHI,GABEE. 咖啡店,25.0592895,121.5462454,4.2,1120.0,2.0,"cafe,store,food,point_of_interest,establishment",民生東路三段113巷21號
台北市,中山區,ChIJu-hyxgypQjQRayO4WVzJSnA,NOTCH咖啡 本町店(重慶南路),25.0453596,121.5133268,4.3,1585.0,2.0,"cafe,food,point_of_interest,establishment",重慶南路一段35號
台北市,中山區,ChIJoygCaQypQjQRbvuAwxU7a-I,鬧咖啡 NOW coffee（無預約服務）,25.045519,121.5104091,4.2,1407.0,2.0,"cafe,food,point_of_interest,establishment",延平南路58號
台北市,中山區,ChIJoYMtWu6rQjQR3koezN4YcCo,勺子咖啡店Spoon cafe(無訂位服務),25.0587845,121.5521506,4.0,985.0,2.0,"cafe,food,point_of_interest,establishment",民生東路四段97巷4弄2-1號號
台北市,中山區,ChIJj2xjfIerQjQR2NVuxfiyXz8,初心者咖啡店,25.0575556,121.5424287,4.7,164.0,2.0,"cafe,food,point_of_interest,establishment",民生東路三段88巷6號
台北市,中山區,ChIJTc05q9qrQjQRIIQb0cRJWqY,老咖啡館,25.0409425,121.5483811,4.1,1983.0,2.0,"cafe,food,point_of_interest,establishment",敦化南路1段228號2樓
台北市,中山區,ChIJ1QQPCRurQjQRmXD1gE5fUPU,Wake café 喚醒咖啡,25.0494943,121.5438264,4.7,103.0,,"cafe,store,food,point_of_interest,establishment",復興北路46號1樓
台北市,信義區,ChIJPzzGHvurQjQRP-5UfEESPZM,南京貳叄咖啡 Nanjing23 Cafe,25.052309,121.5581002,4.9,116.0,,"cafe,food,point_of_interest,store,establishment",南京東路五段23巷6弄1-5號
台北市,信義區,ChIJs3f9sRKrQjQREWcG4NtoZdY,NeXT Coffee 下一杯咖啡 | 咖啡廳 | 精品咖啡 | 西西里 | 水果茶 | 甜點 | 檸檬蛋糕 | 布朗尼 | 肉桂卷 | 工業風 | 復古風 | 沙發座椅 | 餅乾禮盒,25.0288213,121.5575391,5.0,48.0,,"cafe,restaurant,food,point_of_interest,store,establishment",嘉興街131號1樓
台北市,信義區,ChIJKYOLiBGrQjQRdh8L5KE3YS4,豐咖啡 松山店,25.0542792,121.5620889,4.8,124.0,2.0,"cafe,food,point_of_interest,establishment",健康路195號
台北市,信義區,ChIJJxk04eqrQjQRjpOFZEerukE,ASK for Cafe | 咖啡 輕食 工作空間 寵物友善餐廳,25.0519186,121.5626265,4.8,203.0,,"cafe,bakery,food,point_of_interest,store,establishment",南京東路五段163-3號
台北市,信義區,ChIJb_SbINSrQjQR5IYvheBv2PE,有kaffe冇/台北手沖咖啡 台北咖啡豆 大安區咖啡廳 大安區咖啡豆 忠孝復興咖啡廳 忠孝復興咖啡豆,25.0371182,121.5410407,4.7,354.0,2.0,"cafe,food,point_of_interest,establishment",信義路三段147巷36弄24號
台北市,信義區,ChIJV2-CyPKrQjQRm-UOCra_X-g,HAPI CAFE 台北旗艦店,25.0390418,121.557448,4.6,773.0,2.0,"cafe,restaurant,food,point_of_interest,store,establishment",光復南路302號
台北市,信義區,ChIJV_BUy3qrQjQRKDEZ3o_zD6Q,UUCAFE 北歐精品咖啡 台北概念店,25.0427826,121.5656683,4.9,110.0,,"cafe,food,point_of_interest,store,establishment",基隆路一段145號一樓
台北市,信義區,ChIJV-5wyASrQjQRJrUM3cE9X9o,kafeD 台北101店,25.0337938,121.5648629,4.5,482.0,,"cafe,food,point_of_interest,store,establishment",信義路五段7號89樓
台北市,信義區,ChIJY-JuuXOrQjQRZA5wqDOYtFY,Oasis Coffee Roasters - Anhe,25.0340488,121.5517352,4.6,682.0,2.0,"cafe,food,point_of_interest,establishment",信義路四段199巷7-3號
台北市,信義區,ChIJgzu_3EqrQjQRygLRQcZKTts,咖啡屋 珈琲や 台北松山工房,25.0500307,121.5788363,4.5,729.0,2.0,"cafe,food,point_of_interest,establishment",八德路四段758號
台北市,信義區,ChIJeytXpc2rQjQRr5wP80LPwTQ,Congrats Café,25.0329519,121.5505806,4.4,1376.0,2.0,"cafe,food,point_of_interest,store,establishment",文昌街49號
台北市,信義區,ChIJpf_DTsirQjQRM5BI04uxHWI,Museum Coffee 50年代博物館咖啡,25.0362492,121.5580065,4.7,984.0,2.0,"cafe,museum,restaurant,food,point_of_interest,establishment",光復南路421巷9-1號
台北市,信義區,ChIJWwAHEg-rQjQRM4fkMLY5EeA,暖窩咖啡信義永春店,25.0428777,121.5754904,4.9,136.0,,"cafe,food,point_of_interest,store,establishment",忠孝東路五段423巷50號1樓
台北市,信義區,ChIJnzS1TEurQjQRigcsV0RpA8U,Coffee by U co.,25.044065,121.562883,4.6,46.0,,"cafe,restaurant,food,point_of_interest,store,establishment",忠孝東路四段553巷42-1號1樓
台北市,信義區,ChIJOSbdSz2rQjQRtqbdUdBUfr8,布納咖啡館 信義館｜網美餐廳｜下午茶｜早午餐｜聚餐｜慶生｜包場｜包廂,25.0331987,121.5594265,4.7,3406.0,2.0,"restaurant,cafe,food,point_of_interest,establishment",信義路四段415之3號
台北市,信義區,ChIJCcE6D-urQjQRmMoqrBnbLso,鉑珈荳子,25.0393016,121.5771431,5.0,21.0,,"cafe,restaurant,food,point_of_interest,store,establishment",松德路22號
台北市,信義區,ChIJuwSAUgKrQjQRcoehOnVjvHo,根本在旅行,25.0431582,121.5631859,4.7,357.0,,"cafe,food,point_of_interest,store,establishment",忠孝東路四段553巷22弄4-1號
台北市,信義區,ChIJCYjCVQWsQjQRO0JyJQjbWhU,樂悅咖啡館 / 精品咖啡 / 觀音卡占卜 /複合式咖啡,25.0435236,121.5683465,4.9,102.0,,"cafe,food,point_of_interest,establishment",永吉路30巷102弄13號
台北市,信義區,ChIJOYPRMS6qQjQRTi9a5xoTSd4,大爆咖啡 BOOM coffee roasters,25.0228101,121.5475394,4.3,609.0,2.0,"cafe,bakery,food,point_of_interest,store,establishment",敦化南路二段200巷16號
台北市,信義區,ChIJsTD170irQjQR3GMN6s2BMJY,兜麥咖啡大安店,25.0234586,121.5436651,4.6,151.0,,"cafe,food,point_of_interest,establishment",復興南路二段341號一樓
台北市,信義區,ChIJCdBOMP6rQjQRPExzFfbBQ9k,Fika Fika Cafe A13,25.0368519,121.5677823,4.3,760.0,,"cafe,food,point_of_interest,store,establishment",松仁路58號 號B3
台北市,信義區,ChIJDy5K6GurQjQRwCnRqYoXBpo,Coffee blablabla 松德,25.0362076,121.5749578,4.6,117.0,1.0,"cafe,food,point_of_interest,establishment",松德路169號
台北市,信義區,ChIJqz2hKjeqQjQR-gpoOOgQRts,PearNature 梨本,25.0208564,121.5542082,4.5,214.0,2.0,"cafe,food,point_of_interest,establishment",安居街34巷6號
台北市,信義區,ChIJ4xjH9ierQjQR169ymBtb2Fw,CURISTA COFFEE奎士咖啡 新光A11店,25.0365446,121.5672369,4.5,192.0,,"cafe,food,point_of_interest,establishment",松壽路11號2樓
台北市,信義區,ChIJf6FaKTirQjQRVWaZiD55weI,Oguri Coffee 小栗原珈琲・咖啡,25.044913,121.577973,4.7,381.0,,"cafe,food,point_of_interest,store,establishment",松山路221號
台北市,信義區,ChIJu6zFktGrQjQRsEF_hRn3JWc,Kafemera 卡菲米朗精品咖啡館,25.036612,121.5469985,4.6,320.0,2.0,"cafe,food,point_of_interest,store,establishment",大安路一段175巷11號
台北市,信義區,ChIJv8VDQ8irQjQRr_fwwmEaDvA,打卡咖啡館,25.0369913,121.5577641,4.3,413.0,1.0,"cafe,food,point_of_interest,store,establishment",光復南路415-3號
台北市,信義區,ChIJNVTXAWqrQjQRVQ7W_r1muwA,RE- COFFEE LAW 再再基地 (不提供訂位服務）,25.0401563,121.5635514,4.2,31.0,,"cafe,food,point_of_interest,store,establishment","B1, No. 200號基隆路一段"
台北市,信義區,ChIJd6N2gW-sQjQR125Jb-E4ruQ,《 Oh！Café 》握咖啡台北店—咖啡與豆專賣,25.0310854,121.560314,4.4,634.0,2.0,"cafe,food,point_of_interest,establishment",吳興街55號一樓
台北市,信義區,ChIJYSdFIk6rQjQR8WThTjst3BM,ABG COFFEE 台北信安店,25.0250894,121.5597663,4.2,315.0,,"cafe,food,point_of_interest,store,establishment",信安街103巷22號
台北市,信義區,ChIJr99VEp6rQjQRnl0xZf_paLs,For All Coffee,25.0481266,121.5814968,4.6,357.0,1.0,"cafe,food,point_of_interest,establishment","No. 1, No. 115玉成街52巷"
台北市,信義區,ChIJqc0HUNCrQjQRaVFxGqEdNo8,FOMO COFFEE,25.0390158,121.5463067,4.1,700.0,,"cafe,food,point_of_interest,establishment",大安路一段125號
台北市,信義區,ChIJDRMDkcirQjQRb7tVfD7DRnY,NORMAL COFFEE 仁愛店,25.0379866,121.5560285,4.4,392.0,2.0,"cafe,food,point_of_interest,store,establishment",仁愛路四段413號
台北市,信義區,ChIJvWsy2ZSrQjQRxcmq7LilQsY,咖啡講(南五店),25.0511697,121.5608776,4.1,403.0,1.0,"cafe,food,point_of_interest,store,establishment",南京東路五段68之1號
台北市,信義區,ChIJo4Ncs1mrQjQR6NbTBW7-B40,客美多咖啡 Komeda's Coffee 敦南信義店,25.0327206,121.5491577,4.1,1201.0,2.0,"cafe,food,point_of_interest,store,establishment",敦化南路二段9號
台北市,信義區,ChIJdwl0FuSrQjQRdYCD1jXo4e4,CAFE!N 硬咖啡 復北門市,25.0508981,121.5438184,4.1,422.0,,"cafe,food,point_of_interest,establishment",復興北路76號
台北市,信義區,ChIJA4wENpSrQjQR4B_YtrLbFwQ,Caffe LaVita 咖啡趣,25.0501012,121.5463232,4.2,132.0,2.0,"cafe,restaurant,food,point_of_interest,establishment",敦化北路4巷21號1樓
台北市,信義區,ChIJLxY3ANCrQjQRP2uJyfvvDNo,COFFEE LOVER's PLANET 遠東SOGO台北敦化店,25.0402774,121.5484173,4.4,1436.0,3.0,"cafe,food,point_of_interest,establishment","B1, No. 246號敦化南路1段"
台北市,信義區,ChIJtczSR--rQjQRHLBL3YF8mJU,莫凡彼咖啡館 微風松高,25.038489,121.5673837,4.3,190.0,,"cafe,restaurant,food,point_of_interest,store,establishment","3樓, No. 16號松高路"
台北市,信義區,ChIJIXPAgRerQjQRnPZU02O95QM,客美多咖啡 Komeda‘s Coffee - 小巨蛋店,25.0519465,121.5496206,3.8,743.0,2.0,"cafe,food,point_of_interest,establishment",南京東路四段11號
台北市,信義區,ChIJ0Uo57rSrQjQRdFIHysVIoCc,MORE&MORE COFFEE ROASTERY,25.0284502,121.5636392,4.7,211.0,,"cafe,food,point_of_interest,store,establishment",莊敬路289巷4弄24號
台北市,信義區,ChIJLdvc1hOrQjQRinVKYUcBe5s,客美多咖啡 忠孝光復店,25.0398581,121.5574696,3.9,912.0,2.0,"cafe,food,point_of_interest,establishment",光復南路268號1樓
台北市,信義區,ChIJ-eGUqrurQjQRYWrEkZUAfkg,客美多咖啡 Komeda‘s Coffee 八德店,25.0480765,121.5515014,4.2,1038.0,2.0,"cafe,food,point_of_interest,store,establishment",八德路三段30號
台北市,信義區,ChIJvU8_KbmrQjQRW5_bCp7WaKs,湛盧咖啡 市府館,25.0422129,121.5630112,4.4,980.0,2.0,"cafe,food,point_of_interest,store,establishment",忠孝東路四段553巷6弄4號
台北市,大安區,ChIJw1Fjk_GpQjQRwezp7ogCV8M,咖啡休日 Day off. - 手沖咖啡專門店,25.012259,121.5358363,4.8,222.0,,"cafe,bakery,food,store,point_of_interest,establishment",羅斯福路四段136巷6弄23號
台北市,大安區,ChIJ3cHL-PKpQjQR2xz0Iv8Hd3g,海子家珈琲｜安靜不限時咖啡店,25.0310734,121.5183285,4.8,289.0,2.0,"cafe,food,point_of_interest,establishment",寧波西街24-1號在22巷內，招牌下的小巷子進去才是哦！2樓 （入口
台北市,大安區,ChIJrcCQIiyrQjQRBCWQPmcJVqc,CRO#FEE 咖啡井 - 復興店,25.0407453,121.5414294,4.7,245.0,,"cafe,food,store,point_of_interest,establishment",忠孝東路三段248巷11-1號1樓
台北市,大安區,ChIJh-ZpGCqqQjQREBZ6iOoC-Wg,Coffee Naps 蓁澄咖啡手作坊,25.0277526,121.5383485,4.7,579.0,2.0,"cafe,restaurant,food,store,point_of_interest,establishment",瑞安街256巷29號
台北市,大安區,ChIJV_XMTYGpQjQR2i-DIcksgrk,學校咖啡館 Ecole Cafe(接待1-4人）,25.028912,121.532172,4.3,917.0,2.0,"cafe,food,point_of_interest,establishment",青田街1巷6號
台北市,大安區,ChIJV_SOYpqpQjQRA9cnwa-fRdc,咖啡學人-傑克威爾 The Cafeist & Jackwell,25.026468,121.5227586,4.6,836.0,1.0,"cafe,food,point_of_interest,establishment",羅斯福路二段118號
台北市,大安區,ChIJ1-JhId2rQjQR-pDuW5oEw9g,RockyDoggy Coffee Store/咬滾狗狗咖啡館,25.0371169,121.5581435,4.9,347.0,,"cafe,food,point_of_interest,establishment",光復南路415巷62號
台北市,大安區,ChIJy9detAarQjQR_L5M76owgS8,BEAN U Plant Cafe｜植物性咖啡廳,25.0431794,121.5632591,4.7,350.0,,"cafe,restaurant,food,point_of_interest,establishment",忠孝東路四段553巷22弄6-1號
台北市,大安區,ChIJXV3RZsOrQjQRQvdi_pCOSvM,CAFEPRO敦化店,25.0461135,121.5500065,4.5,368.0,2.0,"cafe,food,store,point_of_interest,establishment",八德路三段12巷52弄13號1樓CAFEPRO
台北市,大安區,ChIJD--InlipQjQRC7Zq_UerBzs,HWC 黑沃咖啡｜永和竹林店,25.009836,121.520265,4.5,272.0,2.0,"cafe,food,point_of_interest,establishment",竹林路178號
台北市,大安區,ChIJWT0SmiiqQjQR1jwoGQdQDD0,BeansLab coffee 豆研咖啡館,25.0219185,121.5408509,4.7,352.0,,"cafe,food,point_of_interest,establishment",辛亥路二段171巷6弄6號
台北市,大安區,ChIJs_5SINqrQjQRJv9Mbcn31iM,Coffee Space 咖啡空間,25.0434939,121.5428864,4.7,411.0,,"cafe,store,food,point_of_interest,establishment",復興南路一段122巷6-3號
台北市,大安區,ChIJJdY4uzSqQjQRg3B9kwlmebE,美樹咖啡舘,25.0276781,121.5549004,4.6,109.0,,"cafe,store,food,point_of_interest,establishment",通化街171巷28號
台北市,大安區,ChIJ20kODuWrQjQR97I3TNTuK-8,黔妗咖啡館,25.0386825,121.5504618,4.8,93.0,,"cafe,store,food,point_of_interest,establishment",安和路一段20號
台北市,大安區,ChIJ44mEgCmrQjQRgg4k0rxKDZg,典藏咖啡 - 北教大店,25.0246233,121.5445376,4.2,470.0,2.0,"cafe,store,restaurant,food,point_of_interest,establishment",和平東路二段134號
台北市,大安區,ChIJN1y6RacCaDQRElenCbyeN2w,墨爾本布蕾斯咖啡廳,25.0204776,121.5335175,4.4,569.0,2.0,"cafe,store,restaurant,food,point_of_interest,establishment",新生南路三段56巷11號
台北市,大安區,ChIJ481QM46pQjQRAsT3Kc7SK0g,珍妃咖啡坊,25.0217824,121.5266902,4.4,151.0,1.0,"cafe,store,food,point_of_interest,establishment",羅斯福路三段88號
台北市,大安區,ChIJYZL7fnupQjQRmYAxg8hOXuo,沐樂咖啡,25.0423596,121.5310884,4.1,1238.0,2.0,"cafe,food,point_of_interest,establishment",臨沂街13巷7號
台北市,大安區,ChIJCRed4JmpQjQRpOEwyWt1wwU,達文西咖啡 - 台大旗艦店（溫州店）,25.0206288,121.5329411,4.6,652.0,2.0,"cafe,food,point_of_interest,establishment",溫州街58巷2號1F
台北市,文山區,ChIJDRV3GQCrQjQR6WC4vRbxqSM,周詮咖啡 Roundful Cafe,24.9897689,121.573614,5.0,45.0,,"cafe,store,food,point_of_interest,establishment",新光路一段44號
台北市,文山區,ChIJRbStNQCrQjQR7mRaTOYruOI,樸樹咖啡 （興岩店）,25.0002197,121.5487248,4.8,119.0,,"cafe,store,food,point_of_interest,establishment",興隆路二段88號
台北市,文山區,ChIJB8RCKNarQjQRqwi4T2kptV0,𝗦𝗵𝗼𝘂 𝗦𝗵𝗼𝘂 𝗖𝗼𝗳𝗳𝗲𝗲 惜惜咖啡,24.9901566,121.5751778,4.5,291.0,,"cafe,store,food,point_of_interest,establishment",秀明路二段112巷19號
台北市,文山區,ChIJe2ft7PIBaDQR4jvWGqTC81k,CAFE!N 硬咖啡 新店裕隆城門市,24.978061,121.546478,4.0,336.0,2.0,"cafe,food,point_of_interest,establishment",中興路三段70號1F
台北市,文山區,ChIJrfpxNCyrQjQR8vXq80fN1Y8,CBC SPACE 景美咖啡圖書館 Cafe Boven Co-working,24.9923871,121.5442589,4.5,502.0,2.0,"cafe,restaurant,food,point_of_interest,establishment",景興路193號
台北市,文山區,ChIJUZFAFUIBaDQRAH7R5rkMXoI,eslite premium 新店,24.9784138,121.5470843,4.0,113.0,,"cafe,store,food,point_of_interest,establishment",中興路三段70號4樓
台北市,文山區,ChIJOdr16XuqQjQR9DtwP0olppQ,小公寓Apt.cafe,24.9876541,121.5754547,4.3,664.0,2.0,"cafe,food,point_of_interest,establishment","2樓, No. 56號指南路二段"
台北市,文山區,ChIJY-V3qN8BaDQRaFa8S-RYLXA,舒咖啡Carefree Coffee,24.9819999,121.5615743,4.4,129.0,,"cafe,store,food,point_of_interest,establishment",木新路三段142號
台北市,文山區,ChIJpbe_xEirQjQRbrGqQygQF1w,昇咖啡｜會議包廂・空間租借（包廂預約制）（店內有日式扭蛋機等你來玩喔！））,24.9866475,121.5678618,4.2,120.0,,"cafe,store,food,point_of_interest,establishment",木柵路三段102巷14號
台北市,文山區,ChIJ01BimRqqQjQRZ5zTyTCXskk,聯禾咖啡,25.0000181,121.547969,4.1,341.0,2.0,"cafe,food,point_of_interest,establishment",興隆路二段129號
台北市,文山區,ChIJtf__NBKqQjQRBPIRUkTmskc,DreamGo Bar咖啡廳,24.99843,121.5546238,4.7,49.0,,"cafe,store,food,point_of_interest,establishment",興隆路三段56號崇德樓一樓
台北市,文山區,ChIJ_zO2yKYBaDQRFc-WwX0wkRU,咖啡喫茶 枝音,24.9799911,121.554505,4.8,236.0,2.0,"cafe,food,point_of_interest,establishment",木新路三段403號1樓
台北市,文山區,ChIJXeRhIwCrQjQRxkfFUoaIolc,Ruins Coffee Roasters廢墟 湖村店,24.9882482,121.5789989,4.2,194.0,,"cafe,store,food,point_of_interest,establishment",No. 36號 萬壽路政大里
台北市,文山區,ChIJYxz9ynuqQjQRvzD6wyG1-OM,咖啡大亨,24.9881531,121.5742773,4.5,142.0,1.0,"cafe,food,point_of_interest,establishment",指南路二段45巷1號
台北市,文山區,ChIJeeKlL9irQjQROgdwFHgwTN4,the Second Half,24.9852999,121.5800501,4.7,137.0,,"cafe,store,food,point_of_interest,establishment",指南路三段5號
台北市,文山區,ChIJb5KXH2yrQjQRZ1J34jRDLGk,Louisa Coffee 路易莎咖啡(政大萬壽門市),24.9887161,121.5765676,2.0,91.0,,"cafe,food,point_of_interest,establishment",萬壽路27號
台北市,文山區,ChIJt8g9C-NUOI0RvxWCc0cHyjo,海熊咖啡 Polar Bear_Cafe_Tea (咖啡/茶),24.9883752,121.5737733,4.9,201.0,,"cafe,food,point_of_interest,establishment",新光路一段1號
台北市,文山區,ChIJab9AFzYiaDQRykJY1oH_K7Y,Mars Coffee,25.0013587,121.5550895,4.6,283.0,2.0,"cafe,restaurant,food,point_of_interest,establishment",辛亥路四段235號
台北市,文山區,ChIJu4GJbeMBaDQRdtUuF8dqLCA,MagicLampCoffee 神灯咖啡,24.983606,121.551798,4.1,83.0,2.0,"cafe,food,point_of_interest,establishment",寶橋路235巷126號
台北市,文山區,ChIJEV853OYBaDQRBKEWFllq3K8,等一個人咖啡 景美本店,24.9792896,121.556616,4.5,2657.0,2.0,"cafe,food,point_of_interest,establishment",一壽街44巷1號
台北市,文山區,ChIJuxRStBKqQjQRiY6syO1DebE,怡客咖啡 文山店,24.9969391,121.559373,4.1,287.0,2.0,"cafe,meal_takeaway,restaurant,food,store,point_of_interest,establishment",興隆路三段222號
台北市,文山區,ChIJnzRiWJUBaDQRwTqx0QUC9lE,Miss May Café,24.9790687,121.5429139,4.8,131.0,,"cafe,food,point_of_interest,establishment",寶強路5號
台北市,文山區,ChIJafVZKe4BaDQRm-l6Y-RxDG4,Dear 40 Cafe 笛兒咖啡,24.9740132,121.5487287,4.0,389.0,2.0,"cafe,restaurant,food,point_of_interest,establishment","從, 貝斯特傢具巷子進入, No. 40號寶興路"
台北市,文山區,ChIJX4Kqq-UBaDQRRJrYOeQYATA,CAMA CAFE 新店寶橋店,24.9785065,121.551166,4.4,252.0,1.0,"cafe,food,store,point_of_interest,establishment",寶橋路214號
台北市,文山區,ChIJl0yy0omrQjQRHcnU_H0rbLQ,怡客咖啡 動物園店（穿山甲館）,24.9960657,121.5832991,4.2,67.0,2.0,"cafe,food,point_of_interest,establishment",新光路二段30號
台北市,文山區,ChIJ-TneTvoBaDQRRnA8beg0nt4,沸點99咖啡茶飲店,24.9688548,121.5459662,4.2,65.0,,"cafe,food,store,point_of_interest,establishment",中興路一段284號
台北市,文山區,ChIJd6g0iHerQjQRsfx_4d6Rso8,亨利咖啡鬆餅坊,25.000675,121.5488682,4.1,114.0,,"cafe,food,point_of_interest,establishment",興隆路二段167號
台北市,文山區,ChIJ1xQyGROqQjQRRL8wx3qkPBQ,路易莎咖啡(萬芳醫院門市),24.9989913,121.5581744,3.5,736.0,1.0,"cafe,food,store,point_of_interest,establishment",興隆路三段119號
台北市,文山區,ChIJ_3wx6waqQjQROQUsjLOxfJ4,星巴克 景美門市,24.9925974,121.5443434,4.1,1123.0,2.0,"cafe,food,store,point_of_interest,establishment",景興路185號1-2F
台北市,文山區,ChIJMQq8ZPABaDQRlzRW7MTIo0E,星巴克 新中門市,24.9776452,121.5456118,3.9,1223.0,2.0,"cafe,food,store,point_of_interest,establishment",中興路三段3號
台南市,中西區,ChIJA0npOgB3bjQRO9qmbDXxjps,小紅杯咖啡館 台南民生店,22.9971523,120.1911838,5.0,11.0,,"cafe,store,food,point_of_interest,establishment",民生路二段292號
台南市,中西區,ChIJ_zaS0WR2bjQRuMk5Cyti8xI,Barista Ray Coffee,22.9910406,120.2019579,4.5,1127.0,2.0,"cafe,store,food,point_of_interest,establishment",友愛街22號
台南市,中西區,ChIJkczc52N2bjQRCsewjQtsPEk,道南館 自家烘焙咖啡館,22.995927,120.2006268,4.6,769.0,2.0,"cafe,food,point_of_interest,establishment",民權路二段248號
台南市,中西區,ChIJP1Mra4l2bjQRMvTvyle_pCw,ALFEE Coffee 台南艾咖啡,22.9934535,120.2093014,4.5,391.0,1.0,"cafe,food,point_of_interest,establishment",西華南街15號1樓
台南市,中西區,ChIJBc6Q3a13bjQRjFMuUExgWsY,杏源珈琲Sing yuan coffee,22.9906559,120.1984831,4.9,1227.0,,"cafe,store,food,point_of_interest,establishment",府前路一段342巷2號
台南市,中西區,ChIJacVFtfh3bjQRis2xST2Zank,你聽我說COFFEE HOLLOW,22.9942125,120.200557,4.9,378.0,,"cafe,store,food,point_of_interest,establishment",民生路一段148號
台南市,中西區,ChIJKbqsQFd3bjQRUmk2TxfGfjk,IBT COffee,22.9894706,120.2059422,4.5,305.0,,"cafe,store,food,point_of_interest,establishment",開山路122巷54號
台南市,中西區,ChIJ7Ya8goJ3bjQRo57TtNO3ZIU,Present Coffee（當日以現場座位為主，不提供訂位）,22.9986466,120.1995582,4.5,321.0,,"cafe,restaurant,food,point_of_interest,establishment",慈聖街43號2樓
台南市,中西區,ChIJSdp4UWd3bjQRkwekZgNgCt8,古意人咖啡,22.9840821,120.2045425,4.9,238.0,,"cafe,store,food,point_of_interest,establishment",南門路227巷11號
台南市,中西區,ChIJO7qhn5F3bjQRcN_K-W1tOpQ,卡啡那 市府館,22.9892221,120.183419,4.4,1217.0,2.0,"cafe,store,food,point_of_interest,establishment",永華路二段141號
台南市,中西區,ChIJDyG4fwB3bjQRTj9FgDwQIYw,CUP&GO來速咖啡-民生路站,22.9968085,120.1913657,5.0,39.0,,"cafe,store,food,point_of_interest,establishment",民生路二段303號
台南市,中西區,ChIJy2RNUVR3bjQR0E1fxlZiwpU,波斯納書店咖啡館 Posner Bookstore Cafe,22.9960207,120.2169717,5.0,96.0,,"cafe,food,point_of_interest,establishment",勝利路171巷10號
台南市,中西區,ChIJK9yCh9t1bjQRC-5nRzuOL-k,巷弄咖啡,22.9744094,120.1885426,4.7,968.0,1.0,"cafe,store,food,point_of_interest,establishment",新興路481巷14弄6號
台南市,中西區,ChIJuXZBK492bjQR77v1Dtavras,木華咖啡 Hua Coffee,22.9922857,120.2059518,4.7,173.0,,"cafe,food,point_of_interest,establishment",青年路12號
台南市,中西區,ChIJkb46LuV3bjQR-aR2BYzYgcM,咖啡候機室 台南大同店,22.9832764,120.2112978,4.8,57.0,,"cafe,store,food,point_of_interest,establishment",大同路一段231號
台南市,中西區,ChIJU6aYFJNzbjQRc6qzBlSPh1Q,Louisa Coffee 路易莎咖啡(成大勝利店),22.9948294,120.2179589,4.3,507.0,1.0,"cafe,food,point_of_interest,establishment",勝利路125號
台南市,中西區,ChIJi-EhyGx2bjQR3dYfS_s6Apo,創藝咖啡館,22.9989855,120.1825678,4.4,39.0,,"cafe,food,point_of_interest,establishment",民權路四段143號
台南市,中西區,ChIJyVZrbXx3bjQRtgFtze2iqWs,AT Coffee 艾緹咖啡,22.9975239,120.1701028,4.7,338.0,,"cafe,food,point_of_interest,establishment",慶平路567號
台南市,中西區,ChIJf45PWO53bjQR6obXCoY4hrw,1 PLUS CAFE 一家咖啡 台南武英店,22.9894825,120.1926083,4.8,239.0,,"cafe,food,point_of_interest,establishment",武英街6巷11號
台南市,中西區,ChIJk0p6Q5B3bjQRD5arzwCgVxs,MR GOOD 古德先生澳式咖啡 忠義店,22.9893082,120.2022736,4.9,552.0,,"cafe,bar,store,restaurant,food,point_of_interest,establishment",忠義路一段102號 中間號那間
台南市,中西區,ChIJvfO_R-J3bjQRwT19oopIt3I,1 PLUS CAFE 一家咖啡 台南西門店,23.0105132,120.2062212,4.9,646.0,,"cafe,food,point_of_interest,establishment",西門路四段171巷19弄6-10號
台南市,中西區,ChIJ_0-h_2R2bjQRU5PYL1NinHI,成真咖啡 台南正興店,22.9947442,120.196614,4.7,3222.0,2.0,"cafe,restaurant,food,point_of_interest,establishment",海安路二段78號
台南市,中西區,ChIJm65KbSt3bjQR6g2AOlTeF5o,在古董咖啡,22.9795717,120.2083783,5.0,477.0,2.0,"cafe,home_goods_store,store,food,point_of_interest,establishment",體育路41巷30之1號
台南市,中西區,ChIJo0tf-LR3bjQR3p-toy9ze5s,歐客佬精品咖啡 台南府城店,22.9875244,120.1966297,5.0,204.0,,"cafe,food,point_of_interest,establishment",永華路一段28號
台南市,中西區,ChIJtS2c9j93bjQRYeyMUZp-O30,木匠手烘咖啡 國華店,22.995449,120.1980317,4.8,493.0,,"cafe,store,food,point_of_interest,establishment",國華街三段81號
台南市,中西區,ChIJRbN9c_53bjQRtmYrD_LWLLU,"B.B.Cafe 小黑熊咖啡(週一固定店休，其他店休請看Google Map, IG或來電詢問)",22.9944431,120.2052155,5.0,107.0,,"cafe,restaurant,store,food,point_of_interest,establishment",民權路二段48號2樓
台南市,中西區,ChIJlfksz7d3bjQRDVMBcOgSCxU,握咖啡台南赤崁店,22.9984181,120.2039787,4.4,679.0,2.0,"cafe,store,food,point_of_interest,establishment",成功路223號與赤崁東街口 早安美芝城巷弄進來第一間後棟
台南市,中西區,ChIJI7XweW92bjQRQ1qVce-Cn_w,歐舍咖啡 台南門市,22.9958813,120.1928897,4.7,227.0,2.0,"cafe,store,food,point_of_interest,establishment",環河街120號
台南市,中西區,ChIJgRWSEOV3bjQRBe7UgH_A2xY,古董咖 Antique Café,22.9900818,120.2082347,4.8,245.0,,"cafe,food,point_of_interest,establishment",城隍街39號
台南市,中西區,ChIJmXk_tSB3bjQRugVbnx78-xY,叫咖啡Screaming Bean(不定休，請看IG營業時間）,22.9970459,120.1915919,4.7,70.0,,"cafe,store,food,point_of_interest,establishment",西寧街33-4號
台南市,中西區,ChIJkXNctu53bjQRRJOPYtzu9U0,REVIVAL COFFEE ROASTERS/溫故知新咖啡館,22.9911483,120.2054839,4.4,351.0,,"cafe,food,point_of_interest,establishment",南門路37號1室
台南市,中西區,ChIJP3JZXCh3bjQRHqehLICnQac,Cross Café克勞斯咖啡店（台南店）,22.9976257,120.2065063,4.7,159.0,,"cafe,store,food,point_of_interest,establishment",公園路129號
台南市,中西區,ChIJBa_TbHx2bjQRm_bTJ3I2e5s,Carpenter 木匠手烘咖啡-永福店,22.9873228,120.2002478,4.7,370.0,1.0,"cafe,food,point_of_interest,establishment",永福路一段82號1 樓
台南市,中西區,ChIJEUVp3nV3bjQRkE0G7ZN1npA,I'M COFFEE 大學店,22.9959125,120.2186459,4.4,250.0,,"cafe,food,point_of_interest,establishment",勝利路118號
台南市,中西區,ChIJ6VqRAMJ3bjQRynwXr5VHHdo,korokoro coffee,22.9959252,120.1852931,4.6,300.0,,"cafe,store,food,point_of_interest,establishment",府前四街132號
台南市,中西區,ChIJVQWgan12bjQRKDZjyiRK2AI,菓溱是咖啡館,22.9890616,120.2037677,4.5,160.0,2.0,"cafe,restaurant,food,point_of_interest,establishment",府前路一段221號
台南市,中西區,ChIJS0lFTNJ3bjQRHNbsvBS1j2k,安內咖啡 An Coffee 成功外帶店,22.9989021,120.203964,4.7,35.0,,"cafe,food,point_of_interest,establishment",成功路184號
台南市,中西區,ChIJu8uaPbF3bjQRY2eKqqnyh4U,Super Ray Coffee,22.9976419,120.1988601,4.4,334.0,,"cafe,store,food,point_of_interest,establishment",民族路三段19號之1
台南市,中西區,ChIJQbONAwB3bjQRPJomgJU1Rp4,真與舊法式古董咖啡店,22.9872675,120.2165083,4.7,29.0,,"cafe,food,point_of_interest,establishment",東門路一段210號
台南市,中西區,ChIJs20hZD53bjQRQd1dhSznd-w,台南北區咖啡美髮沙龍 | 空白Blank Cafe&Hair (是咖啡廳也是美髮沙龍),23.0030889,120.1956613,5.0,259.0,,"cafe,hair_care,store,food,point_of_interest,establishment",成功路600巷29號2樓
台南市,中西區,ChIJQwYl3CN3bjQRkqolX8QrSPk,HWC coffee | 黑沃咖啡 | 台南南一擁糧店,22.9957872,120.2096829,4.3,68.0,2.0,"cafe,food,point_of_interest,establishment","中山路125 號之 69, 70"
台南市,中西區,ChIJ8QXlXKd3bjQRltCrE5q_V78,（10/20～10/27店休）十八號隱巷咖啡館,22.9845526,120.1967112,4.9,774.0,,"cafe,food,store,point_of_interest,establishment",西門路一段587巷18號
台南市,中西區,ChIJx_VshxF2bjQRdemuWSoNsO0,歐塔克手作咖啡烘焙館,22.9985988,120.1760921,4.8,604.0,1.0,"cafe,food,point_of_interest,establishment",華平路726號
台南市,中西區,ChIJiVw2i3Z3bjQRWuDJXatp57Y,Kyo Roast Coffee 咖啡焙煎所 (營業時間請參照 IG & FB),23.0006857,120.1831514,5.0,134.0,,"cafe,food,store,point_of_interest,establishment",民權路四段112巷51號
台南市,中西區,ChIJQ-ULPFR2bjQRXJqexGLn8wg,藝咖啡鮮焙咖啡店《咖啡豆專賣》精品咖啡廳｜精品拿鐵咖啡｜現烘咖啡｜手沖｜濾掛｜烘焙咖啡｜藝伎咖啡,23.0189417,120.2009437,4.8,102.0,,"cafe,food,point_of_interest,establishment",北成路466號
台南市,中西區,ChIJ26GG0ox3bjQR2rd6a7ur_SA,陶金咖啡 Taoking Cafe,23.0120868,120.1946619,4.9,54.0,,"cafe,food,store,point_of_interest,establishment",文成路781-2號
台南市,中西區,ChIJQ62xaGF2bjQRhum1tpGPKsc,古行咖啡goodthingcoffee,22.997211,120.2011975,4.8,202.0,1.0,"cafe,food,point_of_interest,establishment",民族路二段399號
台南市,中西區,ChIJKSejlIl2bjQR0R5HFKGTPSU,寮國咖啡,22.9943738,120.2068356,4.6,415.0,1.0,"cafe,food,point_of_interest,establishment",中山路79巷60號
台南市,中西區,ChIJgZEhVNp1bjQR567ZRConmi8,主創咖啡－台南 南區咖啡 人氣奶茶 外送 美食 團訂 公司訂購 平價 探店好喝奶茶 特色飲料 台南必喝紅茶歐蕾 南區外送咖啡 台南推薦飲料 純茶 外帶拿鐵,22.974752,120.1910579,4.8,631.0,,"cafe,food,point_of_interest,establishment",金華路一段554號
台南市,中西區,ChIJE1XuapJ2bjQRRHCH0BxFnXg,台南-CHADOR,22.9944711,120.2179277,4.3,945.0,2.0,"cafe,food,store,point_of_interest,establishment",勝利路115-1號
台南市,中西區,ChIJF-cNgZh2bjQRZLHtsKu2wFs,L'esprit café 初衷咖啡 @lespritcafe_tainan,22.9974698,120.1881608,4.4,322.0,,"cafe,restaurant,food,store,point_of_interest,establishment",民生路二段401號
台南市,中西區,ChIJNQRqF2R2bjQRgPhSkChMrNU,花樓咖啡 Follow Coffee 二店,22.996467,120.1981555,3.9,519.0,2.0,"cafe,food,point_of_interest,establishment",民權路三段55號
台南市,中西區,ChIJozSX4953bjQRkTKMPOnIAsA,潤珈琲 Lub. Café,22.9840763,120.2108075,5.0,24.0,,"cafe,food,store,point_of_interest,establishment",府連路132號
台南市,中西區,ChIJw85BCrR3bjQRwZvZ9M4CgYs,森參會館bar｜深夜咖啡館｜裁縫師咖啡｜教育學院,23.0002178,120.1992312,5.0,1232.0,,"cafe,food,store,point_of_interest,establishment",成功路359號3樓
台南市,中西區,ChIJS_V1K1R3bjQRxS5-iEWwFIU,上島咖啡台南店,22.979511,120.2185821,4.9,43.0,,"cafe,food,store,point_of_interest,establishment",崇明路147號
台南市,中西區,ChIJjcg8fWB3bjQRlNIhgSKNsSU,CUP&GO前鋒來速咖啡,23.0045866,120.2150432,4.5,84.0,,"cafe,food,point_of_interest,establishment",前鋒路283號
台南市,中西區,ChIJnYD8V312bjQRbzFUXyAsR2M,品蓬咖啡,22.9896039,120.2051238,4.8,453.0,2.0,"cafe,bakery,restaurant,food,store,point_of_interest,establishment",府前路一段196巷17號
台南市,中西區,ChIJnzn-cVB3bjQRZ-IxeH4legM,銅板咖啡,22.9949307,120.2036149,4.4,236.0,1.0,"cafe,food,point_of_interest,establishment",民權路二段116號
台南市,中西區,ChIJL3ueAnl2bjQRJFtXWPBApXI,曲屋咖啡府緯店,22.9839791,120.1970772,4.7,175.0,1.0,"cafe,food,point_of_interest,establishment",府緯街82號
台南市,中西區,ChIJq1I1KRsFbjQRIlNcdDbk45w,Dawn Room 咖啡明堂,22.9860255,120.1817693,4.4,379.0,3.0,"cafe,food,point_of_interest,establishment",建平路139號
台南市,東區,ChIJVWRw-X13bjQRIj_-W_2uqBA,NOTHING but coffee,22.9925433,120.2209058,4.8,246.0,,"cafe,store,food,point_of_interest,establishment",東寧路15巷14號
台南市,東區,ChIJ35Uy5CZ0bjQRAbAUzbf9C_k,巷隅咖啡,22.9731759,120.2206536,4.8,832.0,2.0,"cafe,food,point_of_interest,establishment",中華東路三段399巷5號
台南市,東區,ChIJG3FpOCd0bjQRxzOJfj5zDbk,咖啡部屋｜咖啡｜下午茶｜輕食點心｜異國餐點｜內用外帶,22.974472,120.2213691,4.8,694.0,2.0,"cafe,restaurant,food,point_of_interest,establishment",中華東路三段332號
台南市,東區,ChIJHSd_fBF1bjQR2roSktc4BGY,MINI.D COFFEE 崇德館,22.9666318,120.2273808,4.6,1019.0,,"cafe,store,food,point_of_interest,establishment",崇明二十四街82號
台南市,東區,ChIJh6ZruGd3bjQRRvu4vMx_VKk,密境咖啡 Mystery Coffee | 精品咖啡 | 咖啡豆批發 | 濾掛咖啡,22.9963671,120.2333729,5.0,71.0,,"cafe,store,food,point_of_interest,establishment",莊敬路158巷6號
台南市,東區,ChIJKUoSp8B3bjQR77ZH_GqjFT0,睦美咖啡Mu Mei Cafe,22.9989255,120.2272056,4.9,139.0,,"cafe,store,restaurant,food,point_of_interest,establishment",小東路198巷40弄18號
台南市,東區,ChIJv9IWwT53bjQRUnv03yItOF0,HaaaO2 含氧咖啡,22.9778626,120.2243913,4.9,151.0,,"cafe,store,food,point_of_interest,establishment",崇德四街7巷47號1F
台南市,東區,ChIJ84anjNR3bjQRLL6kFNPkLt8,太卡啡Time For Coffee東安店,22.9943239,120.2268708,4.8,140.0,2.0,"cafe,food,point_of_interest,establishment",東安路146-1號
台南市,東區,ChIJY9SAxJF2bjQRnO0kJ9CJnBQ,二子（不定休、無訂位）,22.9666716,120.2365308,4.7,449.0,1.0,"cafe,food,point_of_interest,establishment",城東街66號
台南市,東區,ChIJw3u5sNp3bjQR4itZ8tJN4c8,Y café森活轉角 照顧咖啡館,23.0000209,120.224945,4.9,81.0,,"cafe,food,point_of_interest,establishment",林森路二段500號A棟1樓
台南市,東區,ChIJEwCxssZ2bjQRDAoS53H-RG4,MIX Coffee,22.9997968,120.2340207,4.8,189.0,1.0,"cafe,food,point_of_interest,establishment",中華路23巷9號
台南市,東區,ChIJY3F6_492bjQRDcO6nwdpNWw,城東合作咖啡,22.9880637,120.2164975,4.7,775.0,2.0,"cafe,restaurant,food,point_of_interest,establishment",東門路一段211巷13號
台南市,東區,ChIJSRwdHdp3bjQRHplxUYMXxO8,Coffee Nonstop不停咖啡室,22.9986942,120.2303395,4.7,203.0,,"cafe,food,point_of_interest,store,establishment",東和路9號
台南市,東區,ChIJae5fAoR2bjQR2JHOO39V72k,基因咖啡 Espresso Bar & Specialty Coffee,22.9840829,120.2106054,4.5,483.0,1.0,"cafe,food,point_of_interest,store,establishment",府連路127號
台南市,東區,ChIJfwFtjpN2bjQRznvF-RENbqI,賦于咖啡FuYu Cafe[公休:ig公告為主]禁七歲以下孩童〔寵物友善〕,22.9939711,120.2218295,4.6,399.0,2.0,"cafe,food,point_of_interest,store,establishment",長榮路三段76號
台南市,東區,ChIJt8zVli90bjQRwn_fz58baIQ,這裏有咖啡 [10/10-10/24公休],22.9689614,120.215433,4.9,229.0,,"cafe,food,point_of_interest,store,establishment",大同路二段634號
台南市,東區,ChIJ0f3Y8Lt2bjQRD4z1RdQyN2k,神汸萃咖啡裕農門市,22.9887343,120.2343821,4.8,217.0,1.0,"cafe,food,point_of_interest,establishment",裕農路591號1樓
台南市,東區,ChIJUWPUZuh2bjQRK4LlNcGNrkg,雷克斯咖啡吧,23.0063328,120.2257369,4.8,341.0,,"cafe,food,point_of_interest,establishment",南園街153巷2號
台南市,東區,ChIJg5P0NgB3bjQRK6asE0jx17Q,昇陞咖啡shēngshēng coffee - 台南東區咖啡店推薦 咖啡廳 雞蛋糕 手沖咖啡 在地美食 必吃 探店 人氣食記 網紅餐廳 打卡熱門景點 寵物友善 活動包場,22.9828513,120.2273942,4.8,127.0,,"cafe,restaurant,food,point_of_interest,store,establishment",東門路二段343號
台南市,東區,ChIJv8efU9p1bjQREEijEX1f-K8,118咖啡,22.9703311,120.2109933,4.6,40.0,,"cafe,food,point_of_interest,store,establishment",中華南路一段178號
台南市,東區,ChIJj7to-9x2bjQRJ7Ub8yQvJKY,街客咖啡,23.0082908,120.2315972,4.7,225.0,2.0,"cafe,food,point_of_interest,store,establishment",中華二路381號
台南市,東區,ChIJyXLzbZR2bjQRxhXiCn2V8M4,For you espresso 為你·煮咖啡,22.9935186,120.2231725,4.5,252.0,,"cafe,food,point_of_interest,establishment",長榮路三段66巷62-1號
台南市,東區,ChIJyUBLYIl2bjQRVDbhnOGO4eQ,django決哥手烘咖啡吧,22.9942934,120.2098499,4.6,401.0,1.0,"cafe,food,point_of_interest,establishment",民族路二段63號
台南市,東區,ChIJ51eycm13bjQRlVhPMbZtE48,洄響咖啡 In echo cafe,22.9865877,120.2288727,4.7,83.0,2.0,"cafe,food,point_of_interest,establishment",裕農路310號
台南市,東區,ChIJZaiyVL52bjQRcxjJZEUa6s0,Map Cafe 旅圖咖啡,22.9928271,120.2307991,4.5,120.0,1.0,"cafe,food,point_of_interest,establishment","No. 25號, 凱旋路"
台南市,東區,ChIJ38Y89013bjQRXALcsesHTuE,雷巴咖啡烘焙道場-山形店(外帶專門),23.0003126,120.2334495,5.0,42.0,,"cafe,food,point_of_interest,store,establishment",小東路423巷16-3號
台南市,東區,ChIJ9VqQ4od2bjQR21EwKeN8AEc,海洋微風輕食咖啡館,22.9900974,120.2059572,4.9,163.0,,"cafe,food,point_of_interest,establishment",府中街103號孔廟商圈1樓
台南市,東區,ChIJH3k4sbx2bjQRGqPAMvDK5xw,福沃滋｜精品咖啡,22.9849174,120.2329362,4.2,341.0,1.0,"cafe,food,point_of_interest,establishment",中華東路二段181號
台南市,東區,ChIJU7HRpbB3bjQRy539f_7SJiY,車庫咖啡,22.9875711,120.24465,4.9,34.0,,"cafe,food,point_of_interest,store,establishment",裕和路308號
台南市,東區,ChIJdwbzKQBxbjQRZVhReh2UJ1s,歐拉拉咖啡 OLaLa咖啡( 公告依IG、FB公佈),22.998692,120.253041,5.0,20.0,,"cafe,food,point_of_interest,establishment","旁, 停車場中島, No. 258號崑大路"
嘉義市,東區,ChIJ4z3OsZiVbjQR_Fl-R5ljOWE,單啡咖啡館,23.4967092,120.4500064,5.0,141.0,,"cafe,food,point_of_interest,establishment",台斗街263-59號
嘉義市,東區,ChIJjWXYTQCVbjQRr5GJExjqEvc,二吉山咖啡 273CLUB,23.484444,120.4648713,5.0,47.0,,"cafe,food,point_of_interest,store,establishment",民權路28號1樓
嘉義市,東區,ChIJK0MFKgCVbjQRfKEKUSswkM8,Manchao coffee 嘉義店,23.4754357,120.449283,4.9,46.0,,"cafe,food,point_of_interest,establishment",文化路17-26號
嘉義市,東區,ChIJ785jbgCVbjQRHSnBJ3t3zcY,COFFEE PANTRY,23.4793212,120.4513077,4.8,71.0,,"cafe,food,point_of_interest,store,establishment",興中街134號
嘉義市,東區,ChIJtTmhLe2VbjQRlC9f7fC4IyQ,木商珈琲,23.4781197,120.4549022,4.7,387.0,,"cafe,food,point_of_interest,establishment",蘭井街78號
嘉義市,東區,ChIJDfif6TOUbjQRbnU5apxOWR0,藏.咖啡 嘉義中山店,23.4807566,120.4518163,4.5,1223.0,1.0,"cafe,food,point_of_interest,store,establishment",中山路233號
嘉義市,東區,ChIJkSndeEqUbjQRj6o-KJuqk3s,花磚咖啡。淺嚐館,23.4804613,120.4592053,4.6,431.0,1.0,"cafe,food,point_of_interest,establishment",公明路59-1號
嘉義市,東區,ChIJTWdVupaVbjQR64Y37sWbp48,Hit Cat Café 打貓咖啡,23.4853216,120.4543834,4.7,284.0,,"cafe,food,point_of_interest,store,establishment",共和路191巷3號
嘉義市,東區,ChIJiwuxhQOVbjQRwMXkB0tfybw,美好咖啡店ＭihoCoffee 最後營業日2024/06/30,23.4789282,120.4631377,4.6,487.0,2.0,"cafe,food,point_of_interest,store,establishment",啟明路146號
嘉義市,東區,ChIJgSUdazmVbjQRu33sWvaHP9c,江鳥咖啡-嘉義民北門市,23.4815197,120.4458829,4.9,384.0,,"cafe,food,point_of_interest,establishment",民生北路271號
嘉義市,東區,ChIJAz7gnwWVbjQRy-7PDNHqeeg,昭和J11咖啡館,23.4772399,120.4406613,4.5,402.0,2.0,"cafe,food,point_of_interest,establishment",廣寧街101號
嘉義市,東區,ChIJCR8GVwCVbjQRECV8Rj_ocMY,HWC COFFEE 黑沃咖啡_ 嘉義 民北店,23.4747424,120.4466005,4.7,25.0,2.0,"cafe,food,point_of_interest,store,establishment",民生北路27號
嘉義市,東區,ChIJtXQPT-aVbjQRu2m00qmNuTE,解圖咖啡 -手沖咖啡＆手揉麵包＆手作蛋糕＆手工餅乾＆下午茶&輕食,23.4654135,120.4636722,4.8,107.0,,"cafe,food,point_of_interest,establishment",宣信街64號
嘉義市,東區,ChIJdVv-QcuVbjQRgRyFggf7pjM,Morikoohii 森 咖啡,23.4859563,120.454355,4.5,1246.0,2.0,"cafe,food,point_of_interest,store,establishment",共和路199巷1號
嘉義市,東區,ChIJmYCBOzSUbjQRPK1TH_Kvl7E,提娜多咖啡（早午餐/飯/麵）,23.4799515,120.4548748,4.6,308.0,1.0,"cafe,food,point_of_interest,store,establishment",公明路167號
嘉義市,東區,ChIJhdCLmCaUbjQRPgiPTqAa6SU,MIMICO COFFEE 秘密客咖啡館,23.4836716,120.4499184,4.5,730.0,2.0,"cafe,food,point_of_interest,establishment",興中街200號
嘉義市,東區,ChIJB1Lak6OVbjQRWDNUF3QirVU,餘生咖啡館,23.4807845,120.4508833,4.8,90.0,,"cafe,food,point_of_interest,establishment",興中街145號
嘉義市,東區,ChIJhRehxe2VbjQRXIuBHu-sWcU,秘書店 Meet store,23.4811305,120.4527291,4.2,130.0,,"cafe,library,food,point_of_interest,establishment",中山路201號3樓
嘉義市,東區,ChIJdw1dD1CVbjQR5HWMQnbj6-8,suicafe隧咖啡,23.4775367,120.4523167,4.7,153.0,,"cafe,food,point_of_interest,store,establishment",成仁街111號
嘉義市,東區,ChIJdTrjreeVbjQRPHT_xjhuwUQ,哇咕哇咕咖啡店．Wagu Wagu Coffee,23.4821931,120.4364855,4.8,61.0,,"cafe,food,point_of_interest,store,establishment",中興路157號1樓
嘉義市,東區,ChIJk5BHbeWVbjQRvRM9kHUbuN8,IN COFFEE,23.4768875,120.4476871,4.7,871.0,2.0,"cafe,food,point_of_interest,establishment",忠義街50號
嘉義市,東區,ChIJF-bUf_mVbjQROCqRy8UY1sA,泊好時美甲咖啡館,23.4831901,120.4541181,5.0,2.0,,"cafe,beauty_salon,food,point_of_interest,establishment",民權路220號
嘉義市,東區,ChIJ0z-YQUiVbjQRydNL9ABSzYg,Coffee Soulution 珈琲解方,23.4832004,120.461176,4.7,198.0,2.0,"cafe,food,point_of_interest,establishment",安樂街62號
嘉義市,東區,ChIJf9WfBZSVbjQRhmK_op4NkNQ,Ookami狼咖啡,23.4752914,120.4498943,4.9,136.0,,"cafe,food,point_of_interest,establishment",文化路17-15號
嘉義市,東區,ChIJi5W7HTOVbjQREtfhYDtrmOo,咖啡一派 the coffee folks,23.4757994,120.4434165,4.8,224.0,2.0,"cafe,food,point_of_interest,establishment",西門街152號
嘉義市,東區,ChIJoSB_pcqVbjQR5IC8TEIU5w0,幸福原在咖啡,23.4862223,120.4579132,4.7,183.0,2.0,"cafe,food,point_of_interest,establishment",維新路195號
嘉義市,東區,ChIJq7c3mmuVbjQReAr1X0lXlGg,好久不見的咖啡店-瑪德蓮專櫃 Madeleines Counter,23.474816,120.4694205,4.9,146.0,,"cafe,store,food,point_of_interest,establishment",立德街83巷15號
嘉義市,東區,ChIJzbu2OlqVbjQRFVcWVBG5eEE,Les Amis café 樂瑞比咖啡（公休日於Ig/Fb公告）,23.4743064,120.4572282,4.9,70.0,,"cafe,food,point_of_interest,establishment",垂楊路147號
嘉義市,東區,ChIJPaJ5_TGUbjQRWTB6pKNi7NY,蕨醒咖啡,23.4802764,120.4473335,4.7,246.0,1.0,"cafe,food,point_of_interest,establishment",忠義街138號
嘉義市,東區,ChIJEaMDozKVbjQRI2Crpui2t4Y,國王蝴蝶咖啡 Roicafe,23.4759909,120.438864,4.7,525.0,2.0,"cafe,food,point_of_interest,establishment",中山路616號F棟2樓
嘉義市,東區,ChIJPSPGJ6aVbjQRiPSecEcfxPI,嘉藝咖啡121cafe,23.478851,120.4512635,5.0,32.0,,"cafe,store,food,point_of_interest,establishment",興中街121號
嘉義市,東區,ChIJU6G05jKUbjQRKliHNVe0Y-0,往前咖啡製作所 / Forward Roasters,23.4841147,120.4496869,4.5,980.0,2.0,"cafe,store,food,point_of_interest,establishment",興中街205號
嘉義市,東區,ChIJkUd9bfOVbjQRSCR2tGF1NTE,圓珈琲,23.4886114,120.4409793,4.8,18.0,,"cafe,store,food,point_of_interest,establishment",遠東街2號
嘉義市,東區,ChIJY9Y_dwCVbjQRfz7gQ0dID2Y,YEH COFFEE－店休及營業資訊以IG為主/無接待5人以上登記候位(無法拆桌與併桌)及6歲以下孩童,23.4722619,120.4417176,4.3,98.0,,"cafe,store,food,point_of_interest,establishment",建成街22巷1號
嘉義市,東區,ChIJSY_Sgj-VbjQRAy1vMJTlwDk,她的咖啡 HER COFFEE,23.4764743,120.4516215,4.8,208.0,,"cafe,food,point_of_interest,establishment",興中街64號
嘉義市,東區,ChIJk-iisCSVbjQRGS5mBO24c3o,92度半咖啡（嘉義猴子號）,23.4786522,120.4487191,4.6,57.0,,"cafe,store,food,point_of_interest,establishment",中正路427號
嘉義市,東區,ChIJhwiyp8qVbjQRQ_0g3uSOUmI,米堤爾咖啡輕食坊Mitier Coffee,23.4844495,120.4586543,4.4,464.0,1.0,"cafe,store,food,point_of_interest,establishment",維新路122號
嘉義市,東區,ChIJy55TlbSVbjQR5S0p7gd76k0,簡單咖啡,23.483911,120.4630579,4.6,106.0,1.0,"cafe,food,point_of_interest,establishment",啟明路277號
嘉義市,東區,ChIJGRO3aZiVbjQRrybZadYDB_M,睦嶋咖啡 Island Coffee (7月-10月店面無營業),23.4838864,120.4532507,4.6,184.0,2.0,"cafe,food,point_of_interest,establishment",長榮街151號
嘉義市,東區,ChIJtQkRphqVbjQRKcwXsQzETRU,仨丘珈琲 Sachuu cafe,23.4666407,120.4444326,4.8,224.0,,"cafe,store,food,point_of_interest,establishment",杭州三街45號
嘉義市,東區,ChIJj9aa1lOVbjQRKHlnXa_Iz_w,正方芳Cafe,23.4869476,120.4565519,4.9,301.0,,"bakery,cafe,store,restaurant,food,point_of_interest,establishment",林森東路103號
嘉義市,東區,ChIJ5ZSuocqVbjQRhLb3tg-8mms,荏苒咖啡,23.4801217,120.4668972,4.5,499.0,2.0,"cafe,store,food,point_of_interest,establishment",公園街97號
嘉義市,東區,ChIJ1ZOOqX-VbjQRBzTpPcVZlCE,スピード Supiido,23.4814766,120.4509278,4.8,487.0,,"cafe,store,food,point_of_interest,establishment",北榮街50號
嘉義市,東區,ChIJw87V2kCVbjQR0NwGwTsewMQ,青橙坡上 珈琲店｜日本點心. 手沖咖啡. 專売 ｜〈 来店請先看注意事項 〉,23.4633773,120.4526007,4.7,190.0,,"cafe,store,food,point_of_interest,establishment",大業街106巷39號
嘉義市,東區,ChIJD5P7YwCVbjQR4B4qCAw7FWQ,五魚咖啡Overflow(休假日請查看Instagram),23.4790243,120.4465777,5.0,52.0,,"cafe,store,food,point_of_interest,establishment",中正路552巷1號
嘉義市,東區,ChIJd2E0cviVbjQRLBGylIy28Lg,里響咖啡 RESHOCK COFFEE,23.4787844,120.4503885,4.5,63.0,,"cafe,store,restaurant,food,point_of_interest,establishment",中正路355號
嘉義市,東區,ChIJrSHTd52VbjQRz7cTqCUXgg8,92度半咖啡（嘉義山道號）,23.4568474,120.4437923,5.0,11.0,,"cafe,food,point_of_interest,establishment",民生南路535號
嘉義市,東區,ChIJ1Z5j7DOUbjQRk9AGYpeKO5Y,融合度咖啡館,23.4808985,120.4521097,4.6,215.0,,"cafe,store,meal_takeaway,restaurant,food,point_of_interest,establishment",中山路223號
嘉義市,東區,ChIJoRqhIi6VbjQRmCd9LwC2mZw,胡永泰平價咖啡貳號店,23.4611143,120.4406306,4.3,87.0,,"cafe,store,food,point_of_interest,establishment",新民路587號
嘉義市,東區,ChIJGwCNgziUbjQRaT_u_j-Z_5E,玖CAFÉ,23.4698272,120.4585252,4.4,575.0,2.0,"cafe,food,point_of_interest,establishment",興業東路387號
嘉義市,東區,ChIJk2vraaSXbjQRokBNAgH79jk,奇喚咖啡（休假日請參考IG、FB公告）,23.482976,120.4528509,4.8,347.0,,"cafe,food,point_of_interest,establishment",民權路254號
嘉義市,東區,ChIJHWNPsTCUbjQRTMRsb50lSFE,Evie's Cafe' 伊米咖啡,23.4872885,120.4549857,4.8,221.0,2.0,"cafe,food,point_of_interest,establishment",共和路418號
嘉義市,東區,ChIJy5M1jy2UbjQRrxERunH9GJQ,BES coffee,23.4828685,120.4469261,4.8,292.0,,"cafe,food,point_of_interest,establishment",長榮街278號
嘉義市,東區,ChIJl-EjDACVbjQR3pFjMuy7sHs,黑嶼白 Black Islands White Coffee&Tea。義式咖啡/茶飲/藍莓貝果/鹽可頌/自製奶酥法棍。嘉義咖啡。,23.4699912,120.4426197,5.0,86.0,,"cafe,store,food,point_of_interest,establishment",永安街385號1樓
嘉義市,東區,ChIJHQFw8ICVbjQRVArNwOKZOgw,岬島 Jia Daò,23.4799484,120.451594,4.2,545.0,,"cafe,store,restaurant,food,point_of_interest,establishment",公明路372-1號1樓
嘉義市,東區,ChIJ4daBN0CVbjQRgsOiiITkGLM,嚮日咖啡 Sunward Coffee,23.4708645,120.4508994,4.8,145.0,,"cafe,store,food,point_of_interest,establishment",永安街55號
嘉義市,東區,ChIJ7SwQRYGVbjQRmOdwSvP-oiY,岱Coffee,23.4801028,120.4601513,4.9,224.0,,"cafe,food,point_of_interest,establishment",民國路179號
嘉義市,東區,ChIJ917MgBmVbjQRemFd_U_X_0g,曉咖啡 In Chiayi,23.4694375,120.4573585,4.9,113.0,,"cafe,store,restaurant,food,point_of_interest,establishment",興業東路138號
嘉義市,東區,ChIJpcLxPxiUbjQRJDy9M4llf34,咖啡研救所,23.4635972,120.4458835,4.9,30.0,,"cafe,food,point_of_interest,establishment",美源街126號
嘉義市,東區,ChIJ7-WSsiGUbjQRpclmatENCyg,一支杉咖啡坊,23.4686043,120.4388375,4.4,115.0,2.0,"cafe,food,point_of_interest,establishment",新建街10號
宜蘭縣,羅東鎮,ChIJnTIwlq3nZzQRB6-x54upfZY,悠空間咖啡,24.6765358,121.7657814,4.7,93.0,,"cafe,hair_care,food,point_of_interest,store,establishment",民權路195號
宜蘭縣,羅東鎮,ChIJqanVrD_nZzQRLapddNLOHDs,小揭商行 COFFEE STREET CO.,24.6774528,121.7707056,4.7,769.0,2.0,"cafe,food,point_of_interest,establishment",公正街17號
宜蘭縣,羅東鎮,ChIJ-ZSaWQDnZzQRbZaPxkmtXvE,菓稻町咖啡甜品店,24.6539972,121.7638374,4.8,106.0,,"cafe,food,point_of_interest,store,establishment",義成路二段368號
宜蘭縣,羅東鎮,ChIJB4M0543lZzQRVKQg8UlKUbk,掐口咖啡ChiaCo.Coffee 咖啡x露營/家用器物（每月公休請見IG自介）,24.6838726,121.7951244,4.9,300.0,,"cafe,food,point_of_interest,store,establishment",自強路169號
宜蘭縣,羅東鎮,ChIJm-H8M2_nZzQRuHtie66-GMs,NiNôo Café (NiNoo),24.6740515,121.767726,4.9,330.0,2.0,"cafe,food,point_of_interest,establishment",興東南路228巷20號
宜蘭縣,羅東鎮,ChIJcTwxOyLnZzQRisKhiTnAl7U,巷光咖啡 To Light Coffee Roasters,24.6774201,121.7711546,4.7,471.0,,"cafe,restaurant,food,point_of_interest,establishment",公正街22號
宜蘭縣,羅東鎮,ChIJh9PY2RXnZzQRt63PeUT21Dc,寒山咖啡,24.6770036,121.7723154,5.0,1235.0,,"cafe,food,point_of_interest,store,establishment",和平路99號
宜蘭縣,羅東鎮,ChIJB3jKE3_mZzQRGMTLAvR14nI,佬家咖啡(店休參考 fb、ig 相片,24.6797511,121.7688497,4.8,320.0,2.0,"cafe,food,point_of_interest,establishment",林森路100號
宜蘭縣,羅東鎮,ChIJuxLMTPLlZzQRjjYCq6jANO0,綠羽咖啡 Soar cafe,24.6814884,121.7706063,4.9,218.0,2.0,"cafe,bakery,restaurant,food,point_of_interest,store,establishment",天津路102號一樓
宜蘭縣,羅東鎮,ChIJs949rvvnZzQRn_yVnV8A4RU,藍調 x YOLO's 咖啡 羅東店,24.6776369,121.7693894,4.8,407.0,2.0,"cafe,food,point_of_interest,establishment",天津路6-1號號1樓
宜蘭縣,羅東鎮,ChIJEzc5tX_mZzQRKUpaTKtVtrg,藝境空間 E-Jing cafe,24.679171,121.766951,4.4,99.0,2.0,"cafe,food,point_of_interest,establishment",公正路199-1號
宜蘭縣,羅東鎮,ChIJF4M-d67nZzQRE_OFdq3U_B0,悅白ICE COLOUR,24.6799895,121.7738161,5.0,201.0,,"cafe,food,point_of_interest,store,establishment",倉前路33號
宜蘭縣,羅東鎮,ChIJ914yNMznZzQRdeYiom5lzCU,老司G Tea&Coffee（可提前預約，食材售完會提早打烊） -冬山人氣咖啡廳|網美下午茶|必去咖啡廳|打卡美食|親子餐廳|熱門咖啡廳|必吃義大利麵|聚會包場|景觀餐廳,24.6636562,121.7574989,4.8,732.0,,"cafe,restaurant,food,point_of_interest,store,establishment",光明路344號
宜蘭縣,羅東鎮,ChIJe5HjbnnmZzQRGzSlNp7J-s8,隱藏版小咖啡,24.6760237,121.7726626,4.5,585.0,2.0,"cafe,food,point_of_interest,store,establishment",安平路100號
宜蘭縣,羅東鎮,ChIJpe4ApIvnZzQRYak6u8Mto_c,木上水咖啡,24.6738424,121.7728412,5.0,122.0,,"cafe,food,point_of_interest,store,establishment",清潭路66號
宜蘭縣,羅東鎮,ChIJe9PufYHmZzQRbktkqNqbUyU,微笑海龜咖啡館,24.6805114,121.7602767,4.6,478.0,2.0,"cafe,restaurant,food,point_of_interest,store,establishment",公正路395號
宜蘭縣,羅東鎮,ChIJBRoZDpfnZzQRnFZ6Yg3MC_Y,馨淼甜品,24.6735235,121.7593564,4.9,84.0,,"cafe,food,point_of_interest,store,establishment",敬業路4號
宜蘭縣,羅東鎮,ChIJ_____4LmZzQRzvtAGhpaK0w,豐咖啡 極淺烘焙專賣店 宜蘭五結店,24.6907079,121.7710944,4.8,100.0,2.0,"cafe,food,point_of_interest,establishment",清水路15巷22號
宜蘭縣,羅東鎮,ChIJU1pTs_zlZzQRB7QsyFaTTF4,屋諾咖啡,24.6951678,121.7691912,4.9,265.0,,"cafe,food,point_of_interest,establishment",中正路二段17號
宜蘭縣,羅東鎮,ChIJg3juoI_mZzQRDQdfn_9rH5U,美美子みみこ homemade cake（無訂位服務）,24.6718936,121.7648091,4.5,733.0,,"bakery,cafe,food,point_of_interest,store,establishment",純精路一段96號
宜蘭縣,羅東鎮,ChIJdz5uLgDnZzQRr38CCn22f5w,回見咖啡 文創工坊 SeeYouAround coffee/lab,24.6715791,121.7767769,5.0,86.0,,"cafe,store,food,point_of_interest,establishment",康莊路75之二號
宜蘭縣,羅東鎮,ChIJ7ZObctjnZzQRA-2q1mM3bc4,短腿貓咖啡簡餐｜宜蘭貓咖啡｜貓咖啡｜貓咖｜宜蘭景點｜羅東夜市咖｜,24.675535,121.7725614,4.7,14.0,,"cafe,food,point_of_interest,establishment",安平路118號
宜蘭縣,羅東鎮,ChIJLxbQ4bnnZzQRHiEeM2vrGl4,Leap & Titbit Cafe 利普＆小食咖啡 咖啡｜早午餐｜下午茶｜甜點。(營業時間公休日請看IG),24.6699704,121.7782277,5.0,62.0,,"cafe,store,food,point_of_interest,establishment",羅莊一街53號利普2F
宜蘭縣,羅東鎮,ChIJdzT-fADlZzQR8XG4D-dglRQ,HARU CAFE,24.684709,121.7704991,5.0,40.0,,"cafe,store,food,point_of_interest,establishment",興東路307號
宜蘭縣,羅東鎮,ChIJoV_GmLLnZzQRXouxeXXHluM,Waker紅茶、咖啡,24.6782113,121.7651577,5.0,68.0,,"cafe,liquor_store,store,restaurant,food,point_of_interest,establishment",民生路152號
宜蘭縣,羅東鎮,ChIJ34BUKADnZzQRs7leY5flgBE,阿妮ki 親子寵物餐廳·烘培,24.6793592,121.7751471,5.0,1.0,,"cafe,store,food,point_of_interest,establishment",站東路310號
宜蘭縣,羅東鎮,ChIJya-iObvnZzQRNvTIbR2SQ0U,巧克力森林,24.6581248,121.7821514,5.0,1.0,,"cafe,food,point_of_interest,establishment",八仙三路68巷10號
宜蘭縣,羅東鎮,ChIJs1OhCrrnZzQRA_Dg7I-3SW8,Deep coffee紳度咖啡,24.6776038,121.7685859,4.8,305.0,2.0,"cafe,store,food,point_of_interest,establishment",民生路88號
宜蘭縣,羅東鎮,ChIJwdCWDn_mZzQR0VodnxbEIms,鹿咖啡工坊,24.6730406,121.7651965,4.5,216.0,,"cafe,food,point_of_interest,establishment",南門路148號
宜蘭縣,羅東鎮,ChIJJdcwkPXnZzQRE-eA8ygTOWY,山中小屋 （酒吧、咖啡廳、精神時光屋）,24.6778219,121.7725416,4.6,11.0,,"cafe,store,food,point_of_interest,establishment",和平路119號
宜蘭縣,羅東鎮,ChIJvRO6B43nZzQRjulNG4P8ET4,捲捲cafe(宜蘭景觀咖啡廳),24.6772367,121.7497914,5.0,4.0,,"cafe,food,point_of_interest,establishment",水井一路250巷12號1 F
宜蘭縣,羅東鎮,ChIJQRldgobmZzQR7E7BKVFAvLY,La pensée Café - 凡思咖啡,24.6759961,121.759559,4.8,547.0,2.0,"cafe,food,point_of_interest,establishment",四育路10號
宜蘭縣,羅東鎮,ChIJ9zMxs3zlZzQRlWKMhGPLyMk,淺草咖啡,24.6835667,121.760212,4.5,167.0,2.0,"cafe,store,food,point_of_interest,establishment",豐年路119巷4弄30號
宜蘭縣,羅東鎮,ChIJGVI2pnzmZzQReTv7CkmeNUE,Louisa Coffee 路易莎咖啡(宜蘭聖博門市),24.67116,121.770688,4.1,221.0,1.0,"cafe,store,food,point_of_interest,establishment",中正南路135號
宜蘭縣,羅東鎮,ChIJ2Y6-HX7mZzQRjzAmBXdV4oY,袋鼠咖啡 （可以訂位）(不限時)（有插座）,24.6777518,121.7652172,4.6,773.0,2.0,"cafe,store,restaurant,food,point_of_interest,establishment",忠孝路99號
宜蘭縣,羅東鎮,ChIJWR2tggnnZzQRI--TiKLTfFQ,蝦胖咖啡社,24.6757054,121.7631956,5.0,85.0,,"cafe,store,food,point_of_interest,establishment",純精路二段51巷2號
宜蘭縣,羅東鎮,ChIJp84x9yvnZzQRJQpUQqaZk1Y,樸活居,24.6674598,121.7453003,5.0,23.0,,"cafe,store,food,point_of_interest,establishment",梅花路152號
宜蘭縣,羅東鎮,ChIJFfGBMnnmZzQRV4tMWytImCM,貓的生活提案 Cats' Day（16:30最後收客）,24.6775941,121.771006,4.7,2306.0,2.0,"cafe,store,food,point_of_interest,establishment",公正街32號
宜蘭縣,羅東鎮,ChIJR6MKnNvnZzQRqZxmD3QxvpE,85度C咖啡蛋糕飲料(羅東光榮店),24.6744334,121.7778723,4.0,148.0,,"cafe,store,food,point_of_interest,establishment",中山路二段337-1號
宜蘭縣,羅東鎮,ChIJb_IbDdTlZzQR-E2HSpo4Nw0,CAFÉ SoDavid 單品 手沖 熱咖啡 Roast:cinnamon,24.6860829,121.7694688,4.8,165.0,2.0,"cafe,food,point_of_interest,establishment",中華路255號26541 Lotung
宜蘭縣,羅東鎮,ChIJjfekLfznZzQRIgvJjqSV_2o,一人喫茶店//披薩最後點餐7點或售完//當日來電預約限6人以內//披薩沒供應日將在IG FB公告//營業時間到6點前代表當天沒有供應披薩//焦糖布丁 可麗露 巴斯克乳酪,24.6781084,121.7599974,4.9,243.0,,"cafe,food,point_of_interest,establishment",培英路80號
宜蘭縣,羅東鎮,ChIJr2D5rDTnZzQR3Y2oPh2FXdU,ㄕㄨˋㄖㄣˊ咖啡『預約制』|咖啡|甜點|空間|,24.680736,121.7631982,4.9,55.0,,"cafe,store,food,point_of_interest,establishment",樹人路6號
宜蘭縣,羅東鎮,ChIJIV2JdHbnZzQRXZb8qkMuwGY,Holi.Daily寵物友善咖啡廳（專賣可麗露、可頌鬆餅、布丁各式甜點 公休時間IG公告）,24.6748163,121.7688206,4.8,117.0,,"cafe,store,food,point_of_interest,establishment",公園路88號
宜蘭縣,羅東鎮,ChIJZ42bLqLnZzQRVEpqLNp3T9M,樹說，,24.6550137,121.7684556,4.7,231.0,,"cafe,store,food,point_of_interest,establishment",永興路一段257號
宜蘭縣,羅東鎮,ChIJAS6PwvbmZzQR1FxyUBzgnCU,雙樹咖啡「晚上6點過只接受預訂」,24.6736725,121.7605385,4.4,546.0,1.0,"cafe,store,restaurant,food,point_of_interest,establishment",中山路四段162號
宜蘭縣,羅東鎮,ChIJV6wjH5zmZzQRhlkpJ9qn0oM,烘爐茶古商行,24.6820526,121.7484773,4.3,699.0,2.0,"cafe,store,restaurant,food,point_of_interest,establishment",廣興路682巷198號1樓
宜蘭縣,羅東鎮,ChIJcb-xlWTmZzQR74evlv7Iy6o,喵咖啡 Cat Coffee,24.6685173,121.771981,4.0,15.0,,"cafe,food,point_of_interest,establishment",中正南路19 號
宜蘭縣,羅東鎮,ChIJkeoH09XlZzQR1Y76ctmrZpM,上樓看看,24.6835714,121.7703868,4.7,159.0,2.0,"cafe,food,point_of_interest,establishment",興東路256號3 樓
宜蘭縣,羅東鎮,ChIJhU3E1NnlZzQRKvsCcU-mlBM,山色有無中（五結烘豆坊，需預約）,24.6822129,121.7767675,5.0,25.0,,"cafe,food,point_of_interest,establishment",五結路三段718號烘豆工作室
宜蘭縣,羅東鎮,ChIJsS0BC9blZzQReX8gDFg5NOI,小林冰堂 咖啡甜品屋,24.6834477,121.7688045,4.7,551.0,2.0,"cafe,store,restaurant,food,point_of_interest,establishment",中華路194號
宜蘭縣,羅東鎮,ChIJC3IIi_rnZzQRUzd9tuVRC6k,山姆咖啡,24.6628869,121.7748823,4.7,224.0,,"cafe,store,restaurant,food,point_of_interest,establishment",冬山路三段475號
宜蘭縣,羅東鎮,ChIJD5LuW13lZzQRQPvWHeP3Ui8,九號製造所 NO.9 Dream Workshop,24.6938473,121.7725823,4.8,775.0,2.0,"cafe,food,point_of_interest,establishment",中正路二段6-8號
宜蘭縣,羅東鎮,ChIJ8yRuA4TmZzQRwTsGjbdylhU,貓咖飛 CatCafe(兒童年齡限制需四歲以上營業時間結束前45分鐘不接客）,24.6779336,121.759287,4.8,534.0,1.0,"cafe,store,food,point_of_interest,establishment",光華街12-4號
宜蘭縣,羅東鎮,ChIJG4RBQFXnZzQRNu6B3wMLw74,微赫茲水素水咖啡館,24.6670729,121.7495079,5.0,24.0,,"cafe,food,point_of_interest,establishment",永興路二段710號
宜蘭縣,羅東鎮,ChIJdezozy_nZzQRgua4za5NyoY,三年二班 純真良飲,24.6744866,121.7672309,4.4,10.0,,"cafe,store,food,point_of_interest,establishment",興東南路303號
宜蘭縣,羅東鎮,ChIJG4L8CX_mZzQRUXjDRr-HXt4,吉他好事鍋煮奶茶專門/熱巧克力專門,24.6798689,121.7680032,4.8,247.0,2.0,"cafe,food,point_of_interest,establishment",林森路123號1樓
宜蘭縣,羅東鎮,ChIJG5ZnGIPmZzQRwZitLLutwWQ,老懂馨光咖啡館,24.6817915,121.7532026,4.1,15.0,,"cafe,food,point_of_interest,establishment",Unnamed Road
宜蘭縣,羅東鎮,ChIJ73PoVnzmZzQRmkJZXcmMdMk,原豆咖啡莊園,24.673753,121.768473,4.2,37.0,1.0,"cafe,food,point_of_interest,establishment",公園路40號
宜蘭縣,羅東鎮,ChIJU59o_oflZzQRCwmkgqCqmYE,花見日和はなみびより,24.6934245,121.7690377,4.9,434.0,,"bakery,cafe,store,restaurant,food,point_of_interest,establishment",中正路二段7巷5號
宜蘭縣,羅東鎮,ChIJpQRW0jnlZzQRf7RGU8kAWLY,覺品 Initiate Coffee｜千層蛋糕｜咖啡專賣｜咖啡教學｜,24.6866556,121.7518726,4.9,237.0,,"cafe,restaurant,food,point_of_interest,establishment",四維路165號
屏東縣,屏東市,ChIJSU7ZUPsXbjQRRpkoARJsMM8,NeighborGood.丨好鄰居外帶咖啡丨,22.6737283,120.4984143,4.9,25.0,,"cafe,food,point_of_interest,establishment",民享路85巷6號
屏東縣,屏東市,ChIJAXx3ng0XbjQRTiChFVlgsbc,香村咖啡 XyV Cafe,22.6648412,120.5124106,5.0,84.0,,"cafe,store,food,point_of_interest,establishment",香楊路12-1號
屏東縣,屏東市,ChIJObdIMiEZbjQRNJgULmFy168,依賴咖啡3號店dependence coffee ·pastry.croissant no.3,22.6627411,120.4754096,4.8,19.0,,"cafe,food,point_of_interest,establishment",榮總東路1號1樓
屏東縣,屏東市,ChIJM-XSDEQXbjQRrBgx3Fv5sMo,菸花嶼啡Aroma&Coffee｜屏東精品咖啡｜甜點｜香氣藝術療癒空間,22.6624754,120.5049207,4.9,50.0,,"cafe,food,point_of_interest,establishment",菸廠西巷4號
屏東縣,屏東市,ChIJleA0QQAXbjQRZAN6VJV9GUA,Mazu Café｜媽祖喝咖啡,22.6707563,120.4866562,5.0,42.0,,"cafe,food,point_of_interest,establishment",中山路12-1號
屏東縣,屏東市,ChIJibE6GZQXbjQRQ_s87IjA8iE,好呦珈琲,22.6677216,120.4946397,4.7,215.0,,"cafe,store,food,point_of_interest,establishment",自立路188號
屏東縣,屏東市,ChIJzdwcI1UXbjQRXstqHU7sVvc,漫．咖啡 (漫點咖啡),22.6749014,120.5025154,4.9,37.0,,"cafe,store,food,point_of_interest,establishment",高豐街66巷24號
屏東縣,屏東市,ChIJr_rEsjUXbjQRnNX0muQL5DY,屏東/本質咖啡BottomCoffee | 精品咖啡/甜點鹹點｜,22.6641984,120.5027984,4.8,117.0,,"cafe,food,point_of_interest,establishment",民生路61巷10號
屏東縣,屏東市,ChIJWfFc934XbjQRSvVVHuieZbk,悟 coffee,22.6730883,120.4887596,4.8,285.0,,"bakery,cafe,store,restaurant,food,point_of_interest,establishment",福建路156-1號
屏東縣,屏東市,ChIJUUPPmvQXbjQR_TfWWZOgp5g,Paw Café,22.664279,120.502777,4.6,187.0,,"cafe,food,point_of_interest,establishment",民生路61巷6號900
屏東縣,屏東市,ChIJcSZViYMXbjQRlGyktw8nL_Q,芳美茶行,22.670067,120.487247,4.9,46.0,,"cafe,food,point_of_interest,establishment",民族路143號
屏東縣,屏東市,ChIJsV5EHP0XbjQRUCeSL-fRXWU,江果咖啡 Jungle cafe,22.6744845,120.484353,4.9,535.0,,"cafe,store,food,point_of_interest,establishment",成功路147號
屏東縣,屏東市,ChIJPcdJJ4QXbjQRaiBTk5sbrzs,Bunny Walking Coffee 屏東總圖店 咖啡 手沖咖啡 精品咖啡 咖啡廳 coffee coffee shop cafe,22.679355,120.499213,4.6,43.0,,"cafe,food,point_of_interest,establishment",大連路69-1號
屏東縣,屏東市,ChIJgx2RRC8XbjQR2YtobUj_n9o,chillcafe 丘咖啡,22.6762639,120.5022325,4.7,90.0,,"cafe,store,food,point_of_interest,establishment",建豐路275巷2弄7號
屏東縣,屏東市,ChIJbYIAm4MXbjQRwFDnmThRd_E,chillcafe 丘咖啡,22.6728676,120.4847084,4.7,291.0,1.0,"cafe,food,point_of_interest,establishment",成都街1號
屏東縣,屏東市,ChIJP9zg93AXbjQRqEgrX5A58qY,槍與咖啡,22.6789493,120.4731568,4.7,115.0,2.0,"cafe,food,point_of_interest,establishment",勝利路320-2號
屏東縣,屏東市,ChIJhdrwOpwXbjQRL7JGceBRDLs,驛前大和咖啡館,22.6700774,120.486743,4.3,1094.0,2.0,"cafe,food,point_of_interest,establishment",民族路163號
屏東縣,屏東市,ChIJL7vnnpQXbjQR-nnsor_Wtic,Bonbon cafe,22.6759303,120.5033528,4.4,614.0,2.0,"cafe,food,point_of_interest,establishment",建豐路253巷2弄15號
屏東縣,屏東市,ChIJK-GJogAXbjQRHfxnbL-A7VQ,望得咖啡 wonder coffee （不定期公休請看IG）,22.6791254,120.4931882,4.9,121.0,,"cafe,store,food,point_of_interest,establishment",長春街14-3號
屏東縣,屏東市,ChIJn_QvOOYXbjQREaNDCPUHvYg,CityReader讀者城市閱讀文創館,22.6633696,120.5061328,4.7,282.0,,"cafe,food,point_of_interest,establishment",民生路4-17號號
屏東縣,屏東市,ChIJQUi6fwAXbjQRzAO48YJTNoY,夜酌,22.679251,120.4949904,5.0,2.0,,"cafe,food,point_of_interest,store,establishment",仁愛路77-17號
屏東縣,屏東市,ChIJHz5UgJEXbjQR1VZ1uDqzwOA,Nicoニコニコ,22.6738755,120.4989415,4.4,332.0,,"cafe,food,point_of_interest,store,establishment",民享路89號
屏東縣,屏東市,ChIJE-6J_BUXbjQRrbkpZLcB81E,ZOLA,22.6744177,120.4857243,4.9,1026.0,2.0,"cafe,restaurant,food,point_of_interest,establishment",南京路51號
屏東縣,屏東市,ChIJya7X32MXbjQRTN12YsRzvt0,THALLO COFFEE 塔洛咖啡,22.6688998,120.489562,4.7,98.0,,"cafe,food,point_of_interest,store,establishment",復興路41號
屏東縣,屏東市,ChIJm4M4o5wXbjQRQ55RkhAJj7E,HERe 149 Coffee Roaster 屏東店,22.6749866,120.4869303,4.6,134.0,1.0,"cafe,food,point_of_interest,store,establishment",忠孝路149號
屏東縣,屏東市,ChIJLxuLxhcXbjQR5SCEbpNimgA,金派咖啡 Coffee,22.6827506,120.4895679,4.7,91.0,2.0,"cafe,food,point_of_interest,store,establishment",忠孝路146-1號
屏東縣,屏東市,ChIJd0iCaZ4XbjQRgJnUURK8J6A,知風自家烘焙咖啡館（星期日固定公休),22.6810915,120.4836293,4.6,106.0,,"cafe,food,point_of_interest,establishment",高原街27號
屏東縣,屏東市,ChIJwUUr3s0XbjQRLzlygGBAFLA,Slow Space 路漫慢咖啡（公休時間請見IG）,22.6702207,120.4883264,4.8,52.0,,"cafe,food,point_of_interest,establishment",上海路17號
屏東縣,屏東市,ChIJJ0C-nYgXbjQRf2QtT72BHd4,夏咖Shaka 咖啡外帶店,22.6811559,120.5007314,4.9,58.0,,"cafe,food,point_of_interest,establishment",大連路62-10號
屏東縣,屏東市,ChIJRba-sr4XbjQRlAjAEwG1S7o,渡川咖啡,22.6726231,120.4946641,4.9,78.0,,"cafe,food,point_of_interest,store,establishment",仁德路43巷6號1樓
屏東縣,屏東市,ChIJt1rzQoMXbjQRMuSpUSWawlY,宅貓咖啡,22.6728225,120.498793,4.2,415.0,2.0,"cafe,food,point_of_interest,store,establishment",民享路56號
屏東縣,屏東市,ChIJRSBfxkkXbjQR_GxZOzxQA3U,小島咖啡屏東店,22.682502,120.4997224,4.9,44.0,,"cafe,food,point_of_interest,establishment",廣東路540號
屏東縣,屏東市,ChIJp55Ga_MXbjQRi2LZnIheBt4,靜咖啡商行,22.6611095,120.5076461,4.9,150.0,,"cafe,food,point_of_interest,store,establishment",民生路7巷72號
屏東縣,屏東市,ChIJSYtkdQAZbjQRfBECcuPk2uw,Depot倉庫咖啡餐館,22.6619758,120.4920149,4.5,136.0,,"cafe,food,point_of_interest,store,establishment",台糖街65號
屏東縣,屏東市,ChIJMVrwcRsXbjQRDT4FA1htr28,CABAL Fresh Roasted Coffee,22.6683022,120.4948177,4.6,307.0,2.0,"cafe,bakery,restaurant,food,point_of_interest,store,establishment",自立路194號
屏東縣,屏東市,ChIJkcwxZJsXbjQRnwGcIynMb8E,馬可的店,22.6752316,120.4882336,4.0,234.0,2.0,"cafe,food,point_of_interest,establishment",信義路112號
屏東縣,屏東市,ChIJ5eSrLR0XbjQRFJbqsBDEmVw,Jollify & Shop Cafe,22.6777381,120.4842992,4.5,57.0,,"cafe,food,point_of_interest,store,establishment",康定街16號
屏東縣,屏東市,ChIJfwGjw9QZbjQRN44GWIgWVFI,匠.kaffa精品咖啡豆專賣/耳掛式咖啡專賣/手沖咖啡專賣,22.6610135,120.4807565,4.9,107.0,,"cafe,food,point_of_interest,establishment",武林街42-1號
屏東縣,屏東市,ChIJedk4cwAXbjQR3g4irjbytaA,阿姨飲料店,22.6678201,120.5040319,,,,"cafe,food,point_of_interest,store,establishment",林森路1巷38號
屏東縣,屏東市,ChIJWSxmAoUXbjQRe_9MvPnnjsc,咖啡深藏 屏東民生門市,22.670831,120.490561,4.5,133.0,1.0,"cafe,food,point_of_interest,establishment",民生路282號
屏東縣,屏東市,ChIJETg4op0XbjQRe__xManuy6Q,小食糖咖啡 SUGARbISTRO（棕櫚花蜜糖甜點咖啡專門店）勝利星村店,22.6776726,120.4834117,4.6,6507.0,2.0,"cafe,store,restaurant,food,point_of_interest,establishment",康定街22號
屏東縣,屏東市,ChIJF-2GNnUXbjQRQlchoxljQ3Q,Cama café 屏東菸廠店,22.6631242,120.5053107,4.6,49.0,1.0,"cafe,store,food,point_of_interest,establishment",民生路57巷8號
屏東縣,屏東市,ChIJAQAAAMEXbjQROPqscdostSw,天堂鳥咖啡烘焙,22.6788766,120.4855824,4.7,111.0,,"cafe,food,point_of_interest,establishment",勝義巷9號900
屏東縣,屏東市,ChIJx7n8QJoXbjQRr85BxnTwUqc,路易莎咖啡 屏東太平洋店,22.6740711,120.490687,4.0,576.0,1.0,"cafe,food,point_of_interest,establishment",中華路80號
屏東縣,屏東市,ChIJzbys69MXbjQRsX6LFC1nPLY,小公園 Little Park Coffee,22.6739175,120.5018881,5.0,40.0,,"cafe,store,food,point_of_interest,establishment",民學路138號
屏東縣,屏東市,ChIJuQDMmtEXbjQRL-WNwjg8RVI,龍眼緣庭園咖啡廳,22.6784144,120.4858662,3.6,57.0,,"cafe,store,food,point_of_interest,establishment",青島街77號
屏東縣,屏東市,ChIJLad2xsQXbjQRmHEKyYTfG4Q,SH烘焙/舒芙蕾鬆餅/咖啡/生吐司/麵包/蛋糕/餐盒,22.688677,120.4991921,5.0,51.0,,"bakery,cafe,store,food,point_of_interest,establishment",中正路688巷9號
屏東縣,屏東市,ChIJE8qkhMYZbjQRXrxXIWPu00E,半月咖啡（不定店休，請看IG）,22.657499,120.479858,4.9,39.0,,"cafe,store,food,point_of_interest,establishment",建南路95號
屏東縣,屏東市,ChIJ5xe9eZsXbjQRijcp-YXnhis,臻咖啡,22.6765893,120.4883577,4.2,63.0,1.0,"cafe,food,point_of_interest,establishment",信義路143-18號
屏東縣,屏東市,ChIJNxmkRSAXbjQRezpqNsWcAvU,十弄十號主題咖啡館,22.6636774,120.5112117,5.0,9.0,,"restaurant,cafe,store,food,point_of_interest,establishment",瑞光里香揚巷10弄10號
屏東縣,屏東市,ChIJ6wgaHb4XbjQR3z-K8Mn0Gzo,繫。本屋 Bookstore（10/7號及21號公休💿🎵）,22.6785579,120.4838096,4.6,262.0,,"book_store,cafe,store,food,point_of_interest,establishment",青島街112號
屏東縣,屏東市,ChIJvTGmv4MXbjQR-Ac-5EwGBnU,CAMA CAFE 屏東站前店,22.6701495,120.486131,4.3,182.0,1.0,"cafe,food,point_of_interest,establishment",民族路165號
屏東縣,屏東市,ChIJQxmZh48bbjQRRQ2o5EZBf-A,詩林精品咖啡坊,22.6825686,120.493372,4.6,55.0,1.0,"cafe,food,point_of_interest,establishment",中華路226號
屏東縣,屏東市,ChIJQ0LUW_QXbjQRvSJhgye8Vzw,品皇咖啡-大連店|精品咖啡|咖啡器具|咖啡豆批發|咖啡機維修|屏東咖啡店,22.6806776,120.5000294,4.9,93.0,,"cafe,store,food,point_of_interest,establishment",大連路62-24號
屏東縣,屏東市,ChIJ1wapbwAXbjQRIPV8d6b_h-s,茶屋Matcha House,22.6811439,120.4949757,4.8,139.0,,"cafe,food,point_of_interest,establishment",自由路364之2號
屏東縣,屏東市,ChIJwwp0DpgXbjQRJtgzJFxQ3P8,多那之屏東中正門市,22.6825645,120.4922855,4.3,1053.0,2.0,"cafe,bakery,store,food,point_of_interest,establishment",中正路360號
屏東縣,屏東市,ChIJN4IP9LwXbjQRUp3s8_f0rNw,屏東寶德旺法國茶坊,22.6863381,120.4956717,4.3,290.0,2.0,"cafe,restaurant,food,point_of_interest,establishment",中正路395號
屏東縣,屏東市,ChIJU2dZPQAXbjQRmCWtyfMQLOY,夏咖商行,22.670516,120.494182,4.6,34.0,,"cafe,store,food,point_of_interest,establishment",慶春里仁德路28號
屏東縣,屏東市,ChIJd2nCLj4XbjQRuyokxNBPU9Q,神韻咖啡西市場店,22.6740954,120.4783091,5.0,6.0,,"cafe,food,point_of_interest,establishment",和平路320號
屏東縣,屏東市,ChIJgRGTDcgXbjQRnld_CH1HykI,杰瑞咖啡,22.6847323,120.4980592,4.5,10.0,,"cafe,food,point_of_interest,establishment",華正路246號
彰化縣,彰化市,ChIJR11OHoU5aTQR9hR430YkYmk,橘時咖啡彰秀南平店,24.065269,120.5402895,4.9,45.0,,"cafe,food,point_of_interest,establishment",南平街61巷51號
彰化縣,彰化市,ChIJiWMuTcE5aTQRVDt_LFvlTMM,Fas Coffee｜咖啡外帶吧,24.07994,120.5438335,4.9,201.0,,"cafe,store,food,point_of_interest,establishment",永福街65號
彰化縣,彰化市,ChIJoxcIMv45aTQR8OUuNh354-w,Coffee Drinkone 桔萬咖啡,24.0798266,120.5384283,4.9,170.0,,"cafe,store,food,point_of_interest,establishment",永興街90號
彰化縣,彰化市,ChIJYU17r8w5aTQRWsreHYpM0LQ,裝咖所在(休假日請看公告),24.0730837,120.5436064,4.9,69.0,,"cafe,food,point_of_interest,establishment",光華街142號
彰化縣,彰化市,ChIJZ06izY84aTQRoVRScJz7qwY,53咖啡,24.0753607,120.5422662,4.9,114.0,1.0,"cafe,store,food,point_of_interest,establishment",民權路53巷2號
彰化縣,彰化市,ChIJu5rGIwA5aTQR2WvsUFLJVVg,Dreamers Coffee 彰化彰基店,24.0714721,120.5419637,4.4,109.0,,"cafe,store,food,point_of_interest,establishment",旭光西路22號
彰化縣,彰化市,ChIJv3EOpJU4aTQRnrJXgSfmB00,Ace Café,24.084046,120.549073,4.8,241.0,,"cafe,store,food,point_of_interest,establishment",中正路一段152號
彰化縣,彰化市,ChIJ061IeV05aTQR0F7WuEcM1Gg,莫那威咖啡烘焙坊 monawa cafe-彰化人氣咖啡|手沖咖啡|精品咖啡廳|自家烘焙咖啡|下午茶推薦|人氣鬆餅|必吃鬆餅|在地推薦鬆餅,24.0654774,120.5391972,5.0,81.0,,"cafe,store,food,point_of_interest,establishment",中山路一段556巷23-20號
彰化縣,彰化市,ChIJPa3ONgA5aTQRbb0IJtfbbkI,FUFU HYGGE coffee & pop shop,24.071575,120.5400855,4.4,530.0,,"cafe,store,food,point_of_interest,establishment",南瑤路255號
彰化縣,彰化市,ChIJq0gGBJQ4aTQR6huFxtC3wgI,Skinny Cafe 瘦子咖啡·彰化店｜咖啡專賣店,24.0804474,120.5398926,4.7,822.0,2.0,"cafe,store,restaurant,food,point_of_interest,establishment",光復路143巷4號
彰化縣,彰化市,ChIJhXLxRyc5aTQRFAqx5nfptwI,城中街一號 咖啡簡餐藝文空間,24.0792624,120.5413894,4.8,397.0,2.0,"cafe,restaurant,food,point_of_interest,establishment",城中街1號
彰化縣,彰化市,ChIJ0bED06I4aTQR-rQ9_JmBj9o,煉礦咖啡,24.089558,120.5392948,4.8,192.0,2.0,"cafe,food,point_of_interest,establishment",自強路42號1F
彰化縣,彰化市,ChIJG_DJRo44aTQRJ0NnEMKeKx8,Sokoso Cafe手勾手咖啡,24.0742124,120.5432454,4.6,473.0,2.0,"cafe,food,point_of_interest,establishment",華山路9號
彰化縣,彰化市,ChIJz_tgqoc4aTQRcAZkXIYWI04,典藏家精品咖啡館,24.0691984,120.5366408,4.6,59.0,2.0,"cafe,food,point_of_interest,establishment",民族路129巷54號
彰化縣,彰化市,ChIJMZxGVQA5aTQRnH3yQedDVsc,好咖啡勇館,24.0843466,120.5413163,5.0,10.0,,"cafe,store,food,point_of_interest,establishment",三民路122號
彰化縣,彰化市,ChIJmc4jI5I4aTQRjDizYakngD8,白色方塊咖啡工作室,24.0768433,120.545833,4.5,333.0,2.0,"cafe,food,point_of_interest,establishment",公園路一段50號
彰化縣,彰化市,ChIJwY1h55E4aTQR6fL7rXbrbFU,Stable Fly 穩定飛行模式,24.0766037,120.5430194,4.7,795.0,2.0,"cafe,restaurant,food,point_of_interest,establishment",永樂街44巷2號
彰化縣,彰化市,ChIJm8G7sK45aTQR1qeP-R48cUY,HWC 黑沃咖啡 | 彰化彰基店,24.0697324,120.5428796,4.4,279.0,2.0,"cafe,food,point_of_interest,establishment",中興路219號
彰化縣,彰化市,ChIJ2QXDDgA5aTQRaPSOQM5vjTQ,Mor coffee （不定時公休）,24.0742528,120.5372931,4.5,168.0,,"cafe,store,food,point_of_interest,establishment",民族路361巷75號
彰化縣,彰化市,ChIJ_____8Y-aTQRttBNY0Mejkw,HM cafe,24.0623007,120.5439119,4.6,131.0,,"cafe,food,point_of_interest,establishment",大埔路381號
彰化縣,彰化市,ChIJHUOlCLs4aTQRBhlse7ovO28,尋鹿咖啡,24.0941452,120.5418837,4.0,324.0,2.0,"cafe,meal_takeaway,restaurant,store,food,point_of_interest,establishment",永安街476號
彰化縣,彰化市,ChIJx158BT85aTQRGcMAV2P1bqk,浮生咖啡floathing Cafe’,24.0814109,120.541539,4.4,173.0,,"cafe,store,food,point_of_interest,establishment",成功路260號
彰化縣,彰化市,ChIJuwH5VUw5aTQRe5hPtvCKqto,蜂蜜媽媽,24.073109,120.556759,4.9,145.0,,"cafe,store,food,point_of_interest,establishment",南郭路一段381巷25號
彰化縣,彰化市,ChIJHUVP__k5aTQR1a7774Ru0O8,晴子咖啡,24.0866222,120.54325,4.9,19.0,,"cafe,store,food,point_of_interest,establishment",三民路237巷38號
彰化縣,彰化市,ChIJeZ5JtIc4aTQRwBpdsqYA5BE,福庫爾麝香貓風味咖啡館,24.0690017,120.5378184,4.7,75.0,2.0,"cafe,food,point_of_interest,establishment",民族路129巷1號
彰化縣,彰化市,ChIJuXmqXJE5aTQReuVXq8wxkR4,Ramble Café 漫步藍咖啡,24.0830352,120.5597157,4.6,18.0,,"cafe,store,food,point_of_interest,establishment",力行路148號
彰化縣,彰化市,ChIJUTGHgXs4aTQRniBmXysXU5U,遇見咖啡館,24.0608205,120.5400587,4.1,333.0,2.0,"cafe,restaurant,food,point_of_interest,establishment",雲長路2號
彰化縣,彰化市,ChIJz6iMwPE5aTQRoN3gMUygqkA,浪崌咖啡,24.0654331,120.529652,5.0,1.0,,"cafe,food,point_of_interest,establishment",中央路182-1號1樓
彰化縣,彰化市,ChIJ55yi8JA4aTQRiljbQwojjzY,彰化曼尼咖啡,24.0793358,120.5415786,4.1,49.0,1.0,"cafe,food,point_of_interest,establishment",成功路179號
彰化縣,彰化市,ChIJW1voZPk5aTQR0gXf930OBzo,咖啡 烟 (無預約服務),24.0772781,120.5390348,4.7,613.0,,"cafe,store,food,point_of_interest,establishment",永樂街199號
彰化縣,彰化市,ChIJydxsx5c5aTQRSHWp4Kd2-Bs,糖心馨Cheesecake&Coffee,24.0784163,120.5401616,4.7,70.0,,"cafe,store,food,point_of_interest,establishment",中華路157-159號
彰化縣,彰化市,ChIJN2E3gk45aTQRw4dYpIsHwU0,白髮藝 咖啡 甜點,24.0853359,120.5474956,5.0,47.0,,"cafe,hair_care,store,food,point_of_interest,establishment",陽明街99號
彰化縣,彰化市,ChIJpySFoL44aTQRCPg082aAFEk,Tzemdas Kaffa 手作.獨立思考咖啡,24.0905025,120.5451914,4.8,467.0,2.0,"cafe,florist,store,food,point_of_interest,establishment",自強路248號
彰化縣,彰化市,ChIJW--MNHBHaTQRTYSHFBvdE6E,吉米好站 JimStudio,24.0810782,120.5135661,4.5,426.0,2.0,"cafe,restaurant,bakery,store,food,point_of_interest,establishment",彰草路783號
彰化縣,彰化市,ChIJeQMOhis5aTQRaEvtKfSqy_Q,暗街仔巷 咖啡藝文空間,24.0790769,120.541958,4.9,608.0,,"cafe,store,food,point_of_interest,establishment",民生路195巷32號
彰化縣,彰化市,ChIJZcHNiYU4aTQR_9A3Fq0Ydb0,醇坊精品咖啡,24.0732151,120.5391538,4.7,32.0,,"cafe,food,point_of_interest,establishment",民族路315巷21號
彰化縣,彰化市,ChIJNVYNECg5aTQRj-v8n3ud9Vc,Timios Cafe & Bar 提米好吧 - 咖啡 & 酒吧,24.0818408,120.5411884,4.9,71.0,,"cafe,bar,store,food,point_of_interest,establishment",成功路277號1F
彰化縣,彰化市,ChIJ5f84j4U4aTQR0X9_otXerTw,心甜咖啡烘焙坊,24.0733263,120.5389431,4.5,94.0,,"cafe,food,point_of_interest,establishment",民族路315巷24號
彰化縣,彰化市,ChIJexWmYI84aTQROHl4FfiKskY,ma-coffee 馬啡,24.072648,120.5397305,4.8,49.0,,"cafe,food,point_of_interest,establishment",曉陽路110號
彰化縣,彰化市,ChIJN3nY5L04aTQR_3dLYMAKA3U,壹咖啡彰化永安店,24.0870108,120.5446348,4.5,79.0,1.0,"cafe,food,point_of_interest,establishment",永安街175號
彰化縣,彰化市,ChIJv2tnAPk5aTQR3VmZh635Zmc,TO BE in Bloom｜2B花園｜與・綻放,24.0839756,120.5609523,5.0,13.0,,"florist,cafe,food,store,point_of_interest,establishment",力行路83巷16-1號
彰化縣,彰化市,ChIJMxJcipc5aTQRgfwewu3zhmw,鵬柏哈客 HAKU SHOW (moto＆cafe＆brunch）,24.0956763,120.5440789,4.8,87.0,,"cafe,food,store,point_of_interest,establishment",金馬路二段208號
彰化縣,彰化市,ChIJ-WclPYw4aTQRdBLXGj-rqeo,彰化市魔豆咖啡,24.0715183,120.5457879,4.4,47.0,1.0,"cafe,food,point_of_interest,establishment",旭光路215號號
彰化縣,彰化市,ChIJE-N77BA5aTQRRFkOsRStjnM,Chin coffee,24.0745812,120.5356089,4.9,159.0,,"cafe,restaurant,food,store,point_of_interest,establishment",西安里華山路273巷21號
彰化縣,彰化市,ChIJ476bQKM5aTQRcEcxLQmPCQQ,隱園咖啡 Hidden Garden café,24.0651506,120.5333333,4.9,64.0,,"cafe,food,store,point_of_interest,establishment",中正路二段800巷7號
彰化縣,彰化市,ChIJ_9TuFyc5aTQRlnnvrqARJlY,慢活森林coffice tea,24.094663,120.5494326,4.6,18.0,,"cafe,food,point_of_interest,establishment",建國北路113號
彰化縣,彰化市,ChIJzalE2K85aTQRlwg0qZCbe90,NODAY Coffee Roasters｜咖啡外帶(店休請見IG),24.0805688,120.5419516,4.9,128.0,,"cafe,food,point_of_interest,establishment",光復路93號
彰化縣,彰化市,ChIJ41mKsok4aTQR-AzwXOuQMw8,馬可尼咖啡(彰化大埔店),24.0672799,120.5424721,4.5,26.0,,"cafe,food,store,point_of_interest,establishment",大埔路637號
彰化縣,彰化市,ChIJ0S1c7IM4aTQRqcq3QK6foW8,星巴克典藏™ 彰化曉陽門市,24.0740136,120.5329156,4.3,1868.0,2.0,"cafe,food,store,point_of_interest,establishment",曉陽路358號
彰化縣,彰化市,ChIJezUgRn04aTQRm94w_v2pmE8,巷豆咖啡,24.065083,120.538693,4.2,19.0,,"cafe,food,point_of_interest,establishment",中山路一段556巷24號
彰化縣,彰化市,ChIJIXHLj4Q5aTQRmeuTDxniNKk,星咖啡吧(牙醫咖啡) ｜自家烘焙。在地市集青創店家,24.0649544,120.5343416,5.0,127.0,,"cafe,food,store,point_of_interest,establishment",中正路二段780-6號
彰化縣,彰化市,ChIJoSnCHj85aTQR8ff9_Yrw_Kw,榯玖珈琲所 | 咖啡外帶｜手沖咖啡｜義式咖啡｜19NINETEEN COFFEE | 聽黑膠喝咖啡,24.0775445,120.541299,5.0,303.0,,"cafe,food,point_of_interest,establishment",太平街118號
彰化縣,彰化市,ChIJPfE2hY44aTQR5p2a-PwZnh4,CAMA CAFE 彰化彰基店,24.0722172,120.5446003,4.4,189.0,1.0,"cafe,food,store,point_of_interest,establishment",南校街128號1樓
彰化縣,彰化市,ChIJiWIPVYk4aTQR45Yi3yCi-vs,Louisa Coffee 路易莎咖啡(彰化中興店),24.0699452,120.5449028,3.7,360.0,1.0,"cafe,food,store,point_of_interest,establishment",中興路136號之 1
彰化縣,彰化市,ChIJ3fMDQIc4aTQRWkz9NTkRmBc,CAMA CAFE 彰化中正店,24.0682641,120.535174,4.3,164.0,1.0,"cafe,food,store,point_of_interest,establishment",中正路二段642號
彰化縣,彰化市,ChIJVarw9ZA4aTQRKkY57mkh8QM,單車旅人/Biking16咖啡館（無訂位服務）,24.0790324,120.541179,4.7,446.0,2.0,"cafe,restaurant,food,point_of_interest,establishment",城中街16號號
彰化縣,彰化市,ChIJPeVDYIc4aTQRRKPf0Lp4Jek,85度C-彰化和平店,24.079419,120.5405519,3.9,499.0,1.0,"cafe,bakery,food,store,point_of_interest,establishment",和平路30號
彰化縣,彰化市,ChIJY7lK0Hs5aTQROtK4Mtw9hD4,McCafé 咖啡-彰化中正店,24.0817361,120.5395339,4.7,27.0,,"cafe,restaurant,food,store,point_of_interest,establishment","號1樓, No. 566中正路一段"
彰化縣,彰化市,ChIJTc2ANgM4aTQR5H9x6bHrfmk,STARBUCKS 星巴克 (彰化中山門市),24.0677688,120.5398159,4.1,1228.0,2.0,"cafe,food,store,point_of_interest,establishment",中山路二段76號
彰化縣,彰化市,ChIJe6yQ6sYxaTQRs3VH5lX5g1Q,咖啡地方 UNDERCOFFEE,24.072948,120.556589,5.0,40.0,,"cafe,food,store,point_of_interest,establishment",南郭路一段381巷29號
新北市,三重區,ChIJj0AiJfWpQjQRDhT888W1bxQ,成真咖啡 台北西門店,25.046119,121.5062219,4.3,1140.0,,"cafe,restaurant,food,point_of_interest,store,establishment",漢口街二段53巷2號
新北市,三重區,ChIJx86FexipQjQRAfacs0fXHOo,塞特 咖啡·場所 Coffee Site,25.0622912,121.500271,4.7,196.0,,"cafe,food,point_of_interest,establishment",文化南路8-2號號 號
新北市,三重區,ChIJ1xWNeUmpQjQRRIkllYT7lTQ,NEDA COFFEE,25.0706548,121.495302,4.9,252.0,1.0,"cafe,food,point_of_interest,establishment",六張街21號1樓
新北市,三重區,ChIJp2bp_7epQjQRke_gHyNkFV8,LAOO COFFEE老窩咖啡迪卡儂三重店,25.0550797,121.4885397,4.7,324.0,,"cafe,food,point_of_interest,store,establishment",集美街18號
新北市,三重區,ChIJC7UvKK6pQjQRfigsU3kzctU,貳參貳號咖啡館 (No.232 Coffee Shop),25.071404,121.4965115,4.6,63.0,,"cafe,food,point_of_interest,establishment",秀江街232號
新北市,三重區,ChIJLdrcZNqoQjQRKPsbLawB5Qc,鄰咖逼Neighbor-Gabee,25.0765627,121.4833056,4.7,290.0,1.0,"cafe,food,point_of_interest,establishment",力行路二段123巷2號
新北市,三重區,ChIJLVhvecmoQjQR2zEqLQ8Qd1M,時間之旅 咖啡豆自家烘焙,25.0847214,121.4716467,4.8,402.0,,"cafe,food,point_of_interest,establishment",忠孝路56號
新北市,三重區,ChIJcYRihvGpQjQRu0ROq7vQ2pI,遷鳥陳列所咖啡吧cabinet of migrants cafe bar,25.053851,121.509296,4.7,794.0,,"cafe,food,home_goods_store,point_of_interest,store,establishment",南京西路239巷28號
新北市,三重區,ChIJkdCN0XupQjQRZu1L0J69zeo,LAVA COFFEE ROASTERS 精品咖啡專賣店,25.059515,121.462155,4.9,111.0,,"cafe,food,point_of_interest,establishment",福美街172巷62號
新北市,三重區,ChIJV2X99cuuQjQRfF7ZNog3Pg8,咖啡唯主中正店,25.0862362,121.5085136,4.8,93.0,,"cafe,food,point_of_interest,store,establishment",中正路631號
新北市,三重區,ChIJ7-iV4NmpQjQR0aadctCL7hk,咖啡俱樂部 COFFEE CLUB,25.0473878,121.5109371,4.6,342.0,,"cafe,food,point_of_interest,establishment",忠孝西路一段122號
新北市,三重區,ChIJGWewowupQjQRv5lZkuYyDhU,上上咖啡 ShangShang Coffee,25.042742,121.510787,4.0,948.0,2.0,"cafe,restaurant,food,point_of_interest,store,establishment",延平南路95號
新北市,三重區,ChIJn56z3fqpQjQRAXYe1dxmVIw,咖易啡咖啡館 I Ching Cafe｜命理｜不限時｜有插座｜會議包場,25.0407289,121.5043037,4.9,142.0,,"cafe,restaurant,food,point_of_interest,establishment",昆明街214號
新北市,三重區,ChIJBWgZEb2pQjQRU2_7VpjKlIo,COFE 喫茶 · 咖啡,25.0601017,121.5093026,4.5,522.0,2.0,"cafe,food,point_of_interest,store,establishment",迪化街一段248號2樓
新北市,三重區,ChIJBRMDc3apQjQRgpWe5v5Tm6c,CAMA CAFE 三重自強店,25.0664562,121.4946764,4.6,114.0,,"cafe,food,point_of_interest,store,establishment",自強路一段196號1樓
新北市,三重區,ChIJyTJiPtipQjQRPaqqrwNtrd4,AKA café 老宅咖啡廳,25.057732,121.510522,3.8,753.0,,"cafe,food,point_of_interest,establishment",民樂街66號後棟
新北市,三重區,ChIJiz5_G7apQjQRLbocZlLDK68,Ikigai cafe,25.0659774,121.4937828,4.5,154.0,,"cafe,food,point_of_interest,store,establishment",大智街92號1樓
新北市,三重區,ChIJvWNEjpqpQjQRzI92c5i-R6I,森高砂咖啡館｜迪化烘焙館,25.0561057,121.5099958,4.2,372.0,,"cafe,food,point_of_interest,store,establishment",迪化街一段73號1樓
新北市,三重區,ChIJl2NC-COpQjQRdZmgrZeaUrc,TWATUTIA Coffee & Co.,25.0534658,121.5093488,4.5,340.0,,"cafe,food,point_of_interest,establishment",南京西路279號
新北市,三重區,ChIJoTSvuMGpQjQRK52LGjwSjcM,嗨嗨咖啡HiHi Coffee/小仺館ココクラ/咖啡/下午茶/日式熟成咖哩聯名/嗨吧Hi Drink 每週五、六晚上/經典、創意調酒,25.0421609,121.5058674,4.7,349.0,,"cafe,store,restaurant,food,point_of_interest,establishment",西寧南路88-1號
新北市,三重區,ChIJryyxzfmpQjQRoGukvy_t-_4,FabCafe Taipei,25.0457111,121.5082825,4.9,122.0,,"cafe,store,food,point_of_interest,establishment",中華路一段76巷12號
新北市,三重區,ChIJ58qfZQCpQjQR0gcG8I0OBEs,伊莉莎肥肥胖胖貓咪咖啡館,25.0787128,121.4666026,4.7,77.0,,"cafe,store,food,point_of_interest,establishment",九芎街71巷4號
新北市,三重區,ChIJ9ZfnjR6pQjQRBPoDoiR2M90,A咖啡,25.059635,121.494866,4.6,252.0,2.0,"cafe,food,point_of_interest,establishment",光興街203號
新北市,三重區,ChIJ3XDIouepQjQRHGUNDwX-ycc,憧。咖啡,25.0797739,121.4855699,4.9,56.0,,"cafe,food,point_of_interest,establishment",三和四路四段181巷127號
新北市,三重區,ChIJRWhJ_KWpQjQRkuBibIczwXs,HUYA Coffee 虎牙咖啡/自家烘焙咖啡(公休日請看IG/FB),25.0874539,121.4848854,4.9,107.0,,"cafe,store,food,point_of_interest,establishment",集英路128號1樓
新北市,三重區,ChIJR6kbn5upQjQRnJzCSR0J4eA,Under160 by _holic / 尻蕊有限公司,25.0538147,121.5095959,4.9,180.0,,"cafe,store,food,point_of_interest,establishment",南京西路239巷16號
新北市,三重區,ChIJo0S047cCaDQRTTb_OY_0CIc,一八咖啡涫,25.0562969,121.5109271,4.7,225.0,,"cafe,store,food,point_of_interest,establishment",民樂街87號
新北市,三重區,ChIJXRv-wSypQjQRXeJKXvBWC70,卡比歐咖啡豆專賣店 Coffeol Coffee Roaster,25.0634167,121.5016689,4.7,68.0,,"cafe,food,point_of_interest,establishment",重新路一段84號
新北市,三重區,ChIJf1fjEsuuQjQRaHBNGonDyK8,｜195 Cafe｜壹玖伍_咖啡｜,25.083409,121.5097781,4.7,110.0,,"cafe,food,point_of_interest,establishment",延平北路五段195號
新北市,三重區,ChIJ9_vmw86pQjQRCxLP5UCJjNQ,鼠皮soopi cafe,25.0555031,121.5123378,4.8,142.0,,"cafe,store,food,point_of_interest,establishment",延平北路二段61巷22號1樓
新北市,三重區,ChIJzTPJ6MCpQjQRayMME5rh4h8,143POLARIS咖啡（日式自家烘焙咖啡館）,25.0533329,121.5118672,5.0,215.0,1.0,"cafe,food,point_of_interest,establishment",延平北路一段143號1樓
新北市,三重區,ChIJNWzY_eSoQjQR6Qo1fIpKg2Y,"R.F.S.L coffee shop(最後接單22：30,星期四公休)",25.0584925,121.4829437,4.0,276.0,2.0,"cafe,store,restaurant,food,point_of_interest,establishment",三陽路116巷5號
新北市,三重區,ChIJ-0C6XhKpQjQRcNsw9_B7Zqw,聚 - synergy cafe & gym|三重健身房 一對一教練課 體態調整 功能性訓練 核心訓練 咖啡廳 早午餐 原型食物 客製化點心 三重場地租借,25.0617313,121.4927353,5.0,128.0,,"gym,bakery,health,cafe,store,restaurant,food,point_of_interest,establishment",中正北路15號一樓
新北市,三重區,ChIJh3gOxAmpQjQRnmo-kWg8e_Y,201 Cafe Restaurant,25.040881,121.506631,4.5,247.0,,"cafe,food,point_of_interest,establishment",漢中街201號
新北市,三重區,ChIJKa7mCEGpQjQRuHGZwGr9rgQ,dixielane 迪士巷咖啡,25.0573229,121.5099127,4.7,402.0,,"night_club,bar,cafe,store,food,point_of_interest,establishment",迪化街一段117號
新北市,三重區,ChIJndyx24GpQjQRgxlFVE6dFks,蹭蹭Tseng Tseng 咖啡甜點工作室,25.0725247,121.4994791,4.9,182.0,,"cafe,store,food,point_of_interest,establishment",公園街5-1號
新北市,板橋區,ChIJfTPPWPWpQjQR0fG96QW3c9s,咖啡·重開機｜Coffee Reboot Roaster,25.0295479,121.4779725,4.8,217.0,1.0,"cafe,store,food,point_of_interest,establishment",文聖街101巷2號
新北市,板橋區,ChIJ84STDJ6pQjQR5KZSXakBTsg,咖啡開機 ｜自家烘焙咖啡｜單品咖啡｜不限時｜有插座,25.0271315,121.4692914,4.9,144.0,,"cafe,store,food,point_of_interest,establishment",松江街48巷12號
新北市,板橋區,ChIJzXtqF30DaDQR8LyHFx2W4-k,肥美號 (Fat me cafe) ｜精品咖啡廳 ｜咖啡&下午茶 ｜店休日請看FB,24.9960802,121.4867015,4.8,125.0,,"cafe,restaurant,store,food,point_of_interest,establishment",連城路383號1樓
新北市,板橋區,ChIJgfojHqgCaDQR8f31QHJdqMU,【久益久咖啡坊 919COFFEE】（不定休，營業時間請看FB）板橋咖啡｜板橋寵物友善｜府中咖啡｜手沖咖啡｜下午茶｜甜點｜美食｜布丁｜鬆餅｜抹茶｜ 林家花園咖啡,25.0093851,121.4560686,4.9,254.0,,"cafe,store,food,point_of_interest,establishment",福德街2號1樓
新北市,板橋區,ChIJPQgnX6UDaDQRNpF7v9U023A,哩哉咖啡 Uknowhere Café｜10/21颱風假,25.0081187,121.4617848,4.4,583.0,,"cafe,store,food,point_of_interest,establishment",公園街52巷3號
新北市,板橋區,ChIJ9SaQgHqpQjQR7t3jvsDwKxE,CAFE!N 硬咖啡 板橋中山門市,25.0108458,121.4638672,4.0,432.0,2.0,"cafe,food,point_of_interest,establishment",新民街45號
新北市,板橋區,ChIJnWUggQ-pQjQRdTt078Rb1XY,Coffee HABU Co. 咖啡哈巭 /11.03～11.07公休,25.0207471,121.4682762,4.7,678.0,2.0,"restaurant,cafe,food,point_of_interest,establishment",文化路一段270巷3弄24號
新北市,板橋區,ChIJX365__wDaDQRMhlxdp3aXu4,拾月貳柒咖啡餐坊,24.9882842,121.4496301,4.6,176.0,,"cafe,restaurant,store,food,point_of_interest,establishment",裕民路61巷14號1樓
新北市,板橋區,ChIJ2ZTZDOoDaDQRFotNg5Z4O_Y,Louisa Coffee 路易莎咖啡(金城延和門市),24.9891208,121.4700235,4.4,272.0,,"cafe,store,food,point_of_interest,establishment",金城路三段195號
新北市,板橋區,ChIJVZUtbsgDaDQRjzK2zCWxFCk,Ferment Café｜手沖咖啡｜手作甜點｜可頌三明治｜下午茶,25.0082252,121.4544661,4.6,166.0,,"cafe,store,food,point_of_interest,establishment",館前西路213巷7號1樓
新北市,板橋區,ChIJKaK4FagDaDQRBf_wLdsb0Iw,福實咖啡,25.0044683,121.4642527,4.8,140.0,,"cafe,store,food,point_of_interest,establishment",實踐路141號2樓
新北市,板橋區,ChIJ6z6c9NWpQjQR_HH1cvf9I6k,沐 • Moon Street Cafe / 寵物友善 / 建議來電詢問等待時間或訂位,25.0266098,121.4530196,4.6,515.0,,"cafe,restaurant,store,food,point_of_interest,establishment",新月一街100號
新北市,板橋區,ChIJdyrGvCeoQjQRfn0VcXyDjx8,moffee café 默啡咖啡館,25.0058675,121.4779037,4.5,409.0,2.0,"cafe,food,point_of_interest,establishment",中山路三段86號
新北市,板橋區,ChIJOTTSxTapQjQRE5KkocY-82s,Felice Cafe 享樂咖啡 中和店,25.0060883,121.4875662,4.8,75.0,,"cafe,store,food,point_of_interest,establishment",板南路487號
新北市,板橋區,ChIJGerhE3kDaDQRdAwz-UossrM,亭下咖啡,24.99937,121.459339,4.7,48.0,,"cafe,food,point_of_interest,establishment",仁愛路48號1樓
新北市,板橋區,ChIJp02rASkDaDQRQjs0ne0vqj0,Louisa Coffee 路易莎咖啡(中和連城門市),24.9957911,121.4834643,4.2,276.0,1.0,"cafe,restaurant,store,food,point_of_interest,establishment",連城路469之1號
新北市,板橋區,ChIJKU5SjQ2oQjQR74D1c3Gd0Qc,尚讚咖啡,25.0266042,121.4563808,5.0,35.0,,"cafe,store,food,point_of_interest,establishment",綠堤街15號
新北市,板橋區,ChIJYbYSpsKpQjQRXe6hdR3Ryc0,LEE HO 咖啡&油畫體驗教室,25.01195,121.4664889,4.8,211.0,,"cafe,food,point_of_interest,establishment",中山路一段160之10號
新北市,板橋區,ChIJpTQNbssDaDQR9Iced4aT8-s,享空間 ｜咖啡 ｜輕食｜甜點｜租借場地 ｜ 會議 ｜活動 ｜課程,24.9899138,121.4467394,4.2,584.0,,"cafe,store,food,point_of_interest,establishment",中華路一段30-1號
新北市,板橋區,ChIJ6_AD6n4CaDQRZa3B0plj9vY,TRUE COFFEE ROASTERS｜啜咖啡烘焙,25.0131812,121.4748517,4.6,340.0,2.0,"cafe,food,point_of_interest,establishment",板新路12號
新北市,板橋區,ChIJ68W2qDKpQjQRte69JOgsQuU,CHUCHU CAFE啾啾咖啡 中和左岸店_中和網美下午茶|人氣咖啡|氣泡咖啡推薦|網美咖啡廳|熱門咖啡館|咖啡廳推薦|調酒推薦|包場推薦,25.0102135,121.4870542,4.8,168.0,,"cafe,store,food,point_of_interest,establishment",中原街104號1樓
新北市,板橋區,ChIJeagIu8ypQjQR_MYnx0zgXOY,彼得好咖啡 板橋文化店,25.0202569,121.4669265,4.7,224.0,1.0,"meal_delivery,cafe,store,restaurant,food,point_of_interest,establishment",介壽街2號
新北市,板橋區,ChIJ_U_RbqcCaDQRjk28fjUAiX4,COFFeee早午餐咖啡,25.007399,121.4609836,4.2,586.0,,"cafe,restaurant,food,point_of_interest,establishment",館前東路39號
新北市,板橋區,ChIJa7y0OIupQjQR0WmUhHmyqwE,咖啡錁 Coffee Ké Studio自家烘焙咖啡工作室（每月營業時間以IG公告為主）,25.0353374,121.4737212,4.9,83.0,,"cafe,food,point_of_interest,establishment",華江一路208號一樓
新北市,板橋區,ChIJhTXJjh6oQjQRSKCh4Nlo93o,Merci Cafe(營業時間詳見IG),25.010342,121.46344,4.2,2207.0,2.0,"cafe,store,restaurant,food,point_of_interest,establishment",新民街7巷17號
新北市,板橋區,ChIJ4QpV6nSpQjQRb_LZ3DmGayk,Louisa Coffee 路易莎咖啡(新莊中正旗艦門市),25.0352229,121.4488111,3.6,455.0,1.0,"cafe,store,food,point_of_interest,establishment",中正路285號
新北市,板橋區,ChIJM15cbnWoQjQRF4ztgo-Gj04,布納咖啡館 新莊館｜網美餐廳｜下午茶｜早午餐｜聚餐｜慶生｜包場｜包廂,25.0346598,121.4467309,4.5,3837.0,2.0,"restaurant,cafe,food,point_of_interest,establishment",中正路363號
新北市,板橋區,ChIJ16xdRcepQjQR898uBRxmWh4,乓乓咖啡甜點店（Pong Pong）,25.01791,121.4804405,4.9,119.0,,"bakery,cafe,store,food,point_of_interest,establishment",三民路二段35巷15號1樓
新北市,板橋區,ChIJvQ6q35GpQjQRiTpGIeAPO3s,達文西咖啡 - 咖啡烘焙廠＆國際證照咖啡教學中心,25.0104311,121.482262,4.9,81.0,,"cafe,store,food,point_of_interest,establishment",立德街321號
新北市,板橋區,ChIJS0qPoRuoQjQRQ_DGte-MB9w,CHUN 純咖啡 / 咖啡豆販售 批發 / 寵物友善,25.01504,121.4603615,4.6,347.0,1.0,"cafe,food,point_of_interest,establishment",民權路260巷65號
新北市,板橋區,ChIJ_7C9ZMGpQjQRk1xiGq-0rKw,PARROT COFFEE 派洛特咖啡（台灣人文動物關懷協會駐點處）,25.0204833,121.4684071,4.7,801.0,1.0,"cafe,food,point_of_interest,establishment",文化路一段270巷3弄30號
新北市,板橋區,ChIJlx9E0ySoQjQRNPeYmfNCauI,"Cafe AN, taipei 安咖啡",25.0151038,121.4765827,4.4,289.0,2.0,"cafe,food,point_of_interest,establishment",中山路二段90巷43弄5號
新北市,板橋區,ChIJG1cqsaOpQjQRN73GWk7otKc,短短_DuanDuan_貓咪中途之家咖啡廳,25.0313629,121.475772,4.7,382.0,,"cafe,food,point_of_interest,establishment",仁化街64巷16號
新北市,板橋區,ChIJL0XUhrapQjQRYP9OW-HgfPw,原木屋手作咖啡（Log House Coffee),25.0192008,121.4558914,4.9,154.0,,"cafe,store,food,point_of_interest,establishment",中正路250巷4號1樓
新北市,板橋區,ChIJ70RHBVmpQjQRH1i5SAhqWPM,Louisa Coffee 路易莎咖啡 (板橋莊敬門市),25.0270358,121.4732689,3.6,744.0,1.0,"cafe,food,point_of_interest,establishment",莊敬路41號
新北市,板橋區,ChIJ_6zEdECoQjQRE-m01EBDWn4,KOYA COFFEE,25.027577,121.4699224,4.5,615.0,2.0,"cafe,restaurant,food,point_of_interest,establishment",文化路二段125巷56號1樓
新北市,板橋區,ChIJU6t12BOoQjQR0ftkxBJRmek,Louisa Coffee 路易莎咖啡(新海直營門市),25.0241508,121.4607052,3.6,726.0,1.0,"cafe,food,point_of_interest,establishment",雨農路58號
新北市,板橋區,ChIJxYyxTEUDaDQRhAajBTgX004,路易・莎咖啡(板橋府中門市),25.0075754,121.4612783,3.9,337.0,1.0,"cafe,store,food,point_of_interest,establishment",重慶路32號1樓
新北市,板橋區,ChIJiVMkvKcCaDQRbZG6vo-72Zg,New Spark 新火花烘焙餐廳,25.0071188,121.4590284,4.5,534.0,2.0,"cafe,store,food,point_of_interest,establishment",館前西路6號
新北市,板橋區,ChIJL8M6InepQjQRdbF9xAthKBo,挺你咖啡 Fighting coffee,25.020379,121.467514,3.8,110.0,,"cafe,meal_delivery,store,restaurant,food,point_of_interest,establishment",介壽街11號
新北市,板橋區,ChIJTQTCQ0GoQjQRkRAg7dv54v8,Louisa Coffee 路易．莎咖啡(板橋江子翠門市),25.0310162,121.4730268,3.8,633.0,1.0,"cafe,meal_delivery,restaurant,food,point_of_interest,store,establishment",文化路二段367號
新北市,板橋區,ChIJr_7EneapQjQRAzY7VJhh15w,Bethelight Coffee Roasters,25.0140059,121.4591225,4.4,162.0,,"cafe,food,point_of_interest,establishment",民權路204-1號202巷內
新北市,板橋區,ChIJp70gV9qpQjQR8yIUO_JWPxE,城市峽谷 Urban Canyon by Brown Study,25.0282491,121.4743284,4.7,268.0,2.0,"cafe,bar,food,point_of_interest,establishment",雙十路二段157號1樓
新北市,板橋區,ChIJ1TYCGkz6ZzQRnZ3pAbhGDw4,文鳥咖啡,25.0064682,121.4665129,4.3,646.0,2.0,"cafe,food,point_of_interest,store,establishment",國泰街120號
新北市,板橋區,ChIJJ_RLavCpQjQRxxFKmjK5Pck,Quartet Kaffe 適芳咖啡,25.0323205,121.4699312,4.9,107.0,,"cafe,food,point_of_interest,establishment",宏國路97號
新北市,板橋區,ChIJbz429KCpQjQRtFu8T9iSYwA,Ming Yi Cafe=handmade=銘溢手作咖啡,25.0173449,121.4629712,4.8,184.0,,"cafe,food,point_of_interest,establishment",光正街16巷3號號1樓
新北市,板橋區,ChIJc_zSVIepQjQRkq0SVPTeu6o,eslite premium 新板,25.0124449,121.4632609,3.8,94.0,,"cafe,food,point_of_interest,store,establishment","3樓 No, No. 66號縣民大道二段"
新北市,板橋區,ChIJsYGqMw2pQjQR4OgW7j_QZGE,Louisa Coffee 路易莎咖啡(板橋新埔門市),25.0239758,121.466987,3.3,527.0,1.0,"cafe,food,point_of_interest,establishment",民生路三段21號1樓
新北市,板橋區,ChIJb0N3_d-nQjQRM1WvMi5R54I,立癮（炙）咖啡-新莊店,25.0332189,121.4450642,4.6,97.0,1.0,"cafe,food,point_of_interest,establishment",景德路413號
新北市,板橋區,ChIJV1RWqtSpQjQRaUl2wo48L6s,上島咖啡店 誠品板橋店,25.0087493,121.4607937,3.7,206.0,,"cafe,food,point_of_interest,store,establishment",中山路一段46號4樓
新北市,板橋區,ChIJLbAQIcE1aDQRhR_JO2UmEuM,當樂咖啡,25.017373,121.4618848,4.3,1583.0,2.0,"cafe,restaurant,food,point_of_interest,establishment",光正街40號
新北市,板橋區,ChIJwwbi31OpQjQRkcYGN_30Up8,Louisa Coffee 路易莎咖啡(新板傑仕堡門市),25.0176242,121.469552,3.5,758.0,1.0,"cafe,food,point_of_interest,store,establishment",縣民大道二段277號
新北市,板橋區,ChIJI1BvgxyoQjQReFMRfy1ZqWA,意大利精緻咖啡館,25.0135292,121.459372,4.2,444.0,2.0,"cafe,food,point_of_interest,store,establishment",民權路182號
新北市,板橋區,ChIJReMv-KMCaDQRTQaFauJSP3M,樂芙達咖啡 Lapuda Coffee 板橋咖啡豆/自家烘焙咖啡/板橋咖啡器具/板橋咖啡廳/板橋茶葉/板橋水果乾,25.0018628,121.4629058,5.0,105.0,,"cafe,food,point_of_interest,store,establishment",重慶路199號
新北市,板橋區,ChIJaYZ4RbsDaDQR1BKsup8M8cs,豔咖啡 Yan Coffee,24.9945199,121.4808165,4.8,209.0,2.0,"cafe,food,point_of_interest,establishment",員山路105號
新北市,板橋區,ChIJ6WKNE7mpQjQRam8RCo39Ti0,YOHO30 呦呵三十（咖啡廳,25.0337291,121.4758904,5.0,174.0,,"bakery,cafe,food,point_of_interest,store,establishment",文化路二段520號
新北市,板橋區,ChIJOaECTUCoQjQRKzB_I3eO_PI,調進所咖啡豆販售Coffee Collection,25.0297741,121.4704528,4.7,415.0,2.0,"cafe,food,point_of_interest,establishment",吳鳳路50巷42弄20號
新北市,板橋區,ChIJG0HOndSpQjQRjR0C7qJINlQ,天晴好日咖啡餐館 Sunny Day Cafe & Bistro,25.0142605,121.4703577,4.7,497.0,2.0,"restaurant,cafe,food,point_of_interest,store,establishment",中山路一段289 號
新北市,板橋區,ChIJ-b1s3BWoQjQR4xbQdKU_5mk,卡門自家烘焙咖啡,25.0232105,121.4668013,4.6,173.0,,"cafe,food,point_of_interest,establishment",文化路一段435巷31弄6號
新北市,板橋區,ChIJf3T_esOpQjQRFTYCOdkIwLc,W2cafe#應援場地#台北推薦聚會餐廳#K書#板橋推薦餐廳#板橋約會餐廳#板橋聚餐餐廳#下午茶#不限時#商業午餐#江子翠美食,25.0311661,121.4725823,4.6,1059.0,,"restaurant,cafe,food,point_of_interest,store,establishment",雙十路三段10巷24號1樓
新北市,永和區,ChIJjVyOXQCpQjQRLu_-gQWcx8A,咖啡 梟 BraveCoffeeCompany（深夜咖啡、甜點、餐食）,25.0032241,121.5106736,4.9,73.0,,"cafe,store,food,point_of_interest,establishment",水源街39巷26號
新北市,永和區,ChIJ3StPMempQjQRGPVwT5Fsszo,Tamping coffee 填平咖啡,25.0358497,121.512957,4.8,217.0,,"cafe,store,food,point_of_interest,establishment",愛國西路1號圖書館
新北市,永和區,ChIJMTZ4aYupQjQRTSA-3d9mon0,Timing cafe 太迷咖啡,25.032583,121.5189259,4.9,90.0,,"cafe,store,food,point_of_interest,establishment",金華街19號
新北市,永和區,ChIJt2WlXsCpQjQRqStJVlw48Fs,肆拾肆號館,25.0082095,121.520187,4.7,495.0,2.0,"cafe,food,point_of_interest,establishment",福和路198巷6號
新北市,永和區,ChIJGcCqgQCpQjQR82gbxNrBurY,時々珈琲/時時咖啡 TokiDoki Coffee Roastery,25.0368966,121.524936,4.7,155.0,,"cafe,store,restaurant,food,point_of_interest,establishment",杭州南路一段115號 2號樓之1
新北市,永和區,ChIJe3lTjT2pQjQRC3cZsyq6xU8,肯都咖啡 Cando Coffee 自烘焙咖啡與甜點,25.034507,121.5012149,4.7,418.0,,"cafe,store,food,point_of_interest,establishment",康定路263號
新北市,永和區,ChIJld1d_gKpQjQRi1vozXuMX54,布子咖啡 BUZI CAFE,25.0330943,121.5293115,4.7,316.0,,"cafe,store,food,point_of_interest,establishment",永康街4巷5號
新北市,永和區,ChIJBaEtq5upQjQRwoRCnpjfJk8,五九鮮焙咖啡,25.0282769,121.5224347,4.8,68.0,,"cafe,food,point_of_interest,establishment",和平東路一段11巷30號
新北市,永和區,ChIJ7xZzeYCpQjQRe79ET1L1k_o,I Care Cafe 長照咖啡館,25.0162693,121.5104739,4.7,221.0,,"cafe,food,point_of_interest,establishment",文化路155號
新北市,永和區,ChIJ329i_rypQjQRiW6XtoYFWfA,Bellissimo Coffee Taiwan 布里斯哞師大店,25.0212235,121.527967,4.8,306.0,,"cafe,store,food,point_of_interest,establishment",羅斯福路三段181號
新北市,永和區,ChIJiYZJcompQjQRoI4OnWDl3zk,靈感咖啡 Vegan Coffee Shop,25.0188775,121.5334191,4.6,445.0,2.0,"cafe,store,food,point_of_interest,establishment",新生南路三段84-6號adidas 右手邊的小樓梯上來3樓
新北市,永和區,ChIJVQZuaqapQjQRBOza54QGrgM,凝視·咖啡 Gaze Cafe-手沖咖啡|自家烘焙|精品台灣咖啡豆|下午茶咖啡廳推薦|台北萬華區|西門町,25.0363918,121.5044547,4.6,635.0,2.0,"cafe,store,food,point_of_interest,establishment",廣州街32號1樓
新北市,永和區,ChIJ5xYmZtirQjQRJZetI_CIovw,樂波波珈琲,25.0381102,121.5257867,4.9,231.0,,"cafe,store,food,point_of_interest,establishment",仁愛路二段10-1號
新北市,永和區,ChIJn2U13YOpQjQRPHbNYIzlhvs,鴉埠咖啡YABOO,25.0304617,121.5305976,4.5,1603.0,2.0,"cafe,food,point_of_interest,establishment",永康街41巷26號
新北市,永和區,ChIJLfib6p6pQjQRZ6sICwYK19A,黑川郁咖啡,25.0333063,121.5183796,4.7,138.0,,"cafe,food,point_of_interest,establishment",林森南路142號
新北市,永和區,ChIJB1NnUQCpQjQRK3hY6IvD9AU,ONES caf’e,25.0262505,121.5302991,4.8,85.0,,"cafe,store,food,point_of_interest,establishment",和平東路一段186號1樓
新北市,永和區,ChIJYSd0BHmpQjQR3-tR4djSKBY,Saturn Landing Turkish Coffee 客家公園店,25.0201137,121.5250305,4.7,126.0,,"cafe,food,point_of_interest,establishment",汀州路三段2號
新北市,永和區,ChIJheiMcwapQjQR-tHQmvZa5XY,布納咖啡館 中和公園館｜網美餐廳｜下午茶｜早午餐｜聚餐｜慶生｜包場｜包廂,25.0014761,121.5126447,4.6,2677.0,2.0,"restaurant,cafe,food,point_of_interest,establishment",中安街85號B1
新北市,永和區,ChIJqZbAbI2rQjQR-IFw5aOt5Ok,咖啡舍Chez Cafe(咖啡外帶.外送. 會議咖啡),25.0041514,121.5047828,4.9,18.0,,"cafe,food,point_of_interest,establishment",光華街19-5號
新北市,永和區,ChIJZe_Nv_6pQjQRmTO-DR-A6T8,CAFE!N 硬咖啡 和平門市,25.0271782,121.5230121,4.2,353.0,,"cafe,food,point_of_interest,establishment",和平東路一段21號
新北市,永和區,ChIJCfQPuzypQjQRucvfmwOXLQ8,來速咖啡～中油桂林路店（沒柴油）,25.0382551,121.5032746,5.0,13.0,,"cafe,store,food,point_of_interest,establishment",桂林路53號
新北市,永和區,ChIJVy-ckF2pQjQRDSZ9ceRWuUw,Coffee九號公寓手作咖啡館,25.013538,121.5144065,4.7,190.0,,"cafe,food,point_of_interest,establishment",仁愛路36號
新北市,永和區,ChIJ_RwGSkapQjQRP2pCJHb2CeE,九日咖啡（中華店）9Days Coffee,25.0379813,121.5066805,4.4,291.0,,"cafe,store,food,point_of_interest,establishment",中華路一段204號
新北市,永和區,ChIJYRmyvXWpQjQRoJPrtsQFgbQ,彼得好咖啡 東門永康門市,25.0338135,121.5276491,4.2,580.0,1.0,"cafe,store,food,point_of_interest,establishment",信義路二段108號
新北市,永和區,ChIJSTQjAN2pQjQRI_eRnd_itIs,自由溫室深夜咖啡廳,25.0043786,121.5113038,4.3,1242.0,2.0,"cafe,store,restaurant,food,point_of_interest,establishment",水源街21巷2號
新北市,永和區,ChIJ1XigphWpQjQRhTEdFEzMfWE,成真咖啡 台北永康店,25.0307002,121.5297797,4.6,2845.0,2.0,"cafe,food,point_of_interest,establishment",永康街37巷6號
新北市,永和區,ChIJS0cHdHarQjQRTLl8SE5k1uE,秘徑咖啡Alley's cafe,25.0016875,121.5384487,4.3,473.0,,"cafe,store,food,point_of_interest,establishment",羅斯福路五段218巷9弄3號
新北市,永和區,ChIJ1_8HdXepQjQRIHz3saXub7E,此木咖啡｜Zmu Cafe (公休日請看IG. FB公告),25.0003165,121.520599,4.4,369.0,2.0,"cafe,food,point_of_interest,establishment",得和路243巷2號
新北市,永和區,ChIJxzPiMampQjQR7lFBc-z3SSs,九日咖啡（老店）9 Days Coffee,25.036767,121.49916,4.4,215.0,1.0,"cafe,store,food,point_of_interest,establishment",廣州街213號
新北市,永和區,ChIJgaAO3a2pQjQRsNFIp34wAhY,帕妃咖啡館,25.0331294,121.4964709,4.1,15.0,,"cafe,food,point_of_interest,establishment",艋舺大道303號
新北市,永和區,ChIJU-k7THgCaDQRR2mSbOpevPs,福璟鮮烘咖啡店(已併入板橋總店),24.9964516,121.501046,4.9,210.0,2.0,"cafe,food,point_of_interest,establishment",景平路598號
新北市,永和區,ChIJVy-gWgCpQjQRKlb-WW5w9Xc,布納咖啡館公園館,25.001419,121.512086,4.3,78.0,,"cafe,store,food,point_of_interest,establishment",中安街92號B1
新北市,永和區,ChIJS8PFBnypQjQRd1zxLxoO93I,Jack & NaNa COFFEE STORE,25.0267483,121.5316241,4.6,869.0,2.0,"cafe,food,point_of_interest,establishment",和平東路一段157巷11號
新北市,永和區,ChIJd4mAsJqrQjQRuHRrdtmznPw,咖啡．拾虎 by cafecar,25.0334003,121.5273626,4.6,57.0,,"cafe,food,point_of_interest,establishment",金山南路二段15號
新北市,永和區,ChIJB-Rm2bupQjQRRcoTIkdNh3k,Notch咖啡 永安店(新店面僅有一層樓),25.0025525,121.5121267,4.8,407.0,1.0,"cafe,food,point_of_interest,establishment",新興街6巷1號
新北市,永和區,ChIJ2225jiupQjQR3Nmu2XiaoR4,HITOKUCHI COFFEE,25.0137318,121.5175818,4.8,477.0,,"cafe,meal_delivery,store,restaurant,food,point_of_interest,establishment",復興街102號
新北市,永和區,ChIJU4okmyqpQjQRsRO4mSqqfXY,深巷咖啡館,25.0200012,121.4966277,4.3,123.0,1.0,"cafe,food,point_of_interest,establishment",萬大路486巷25號
新北市,永和區,ChIJdWVC94GpQjQReHmt7UVVH8g,努得世界冠軍咖啡,25.0333479,121.5315725,4.4,335.0,2.0,"cafe,food,point_of_interest,establishment",No. 2號 信義路二段228巷
新北市,永和區,ChIJx2O5FoupQjQRK0tmnKkmq-A,Day Off Cafe 別家烘培咖啡,25.0218582,121.5278501,4.8,72.0,,"cafe,food,point_of_interest,establishment",師大路126巷10號
新北市,永和區,ChIJDXMcF5CrQjQRam-vMjrTO2E,The Quiet Light 默光咖啡（瑞安店）,25.0273704,121.54016,4.7,393.0,,"cafe,store,food,point_of_interest,establishment",瑞安街111號
新北市,永和區,ChIJl8XlL52pQjQRjB3gOJSAx-4,伊士曼寧庭園咖啡,25.0336312,121.5266838,4.2,196.0,2.0,"cafe,store,food,point_of_interest,establishment",信義路二段86巷2-1號
新北市,永和區,ChIJY19MAPSpQjQRfecYO3MRbcs,Kishibe Café 岸畔咖啡,25.0214945,121.5202733,4.7,78.0,,"cafe,food,point_of_interest,establishment",同安街90-1號1樓
新北市,永和區,ChIJYRsVm9CpQjQRSL-HH8P-6hQ,威旺豆行,25.0197259,121.5282708,4.9,73.0,,"cafe,store,food,point_of_interest,establishment",羅斯福路三段142巷2號一樓
新北市,永和區,ChIJTW9wBGqpQjQREpa8bc9E3fQ,咖啡學人-老傑克 The Cafeist & Old Jack,25.0229925,121.524443,4.6,357.0,,"cafe,food,point_of_interest,establishment",金門街4號
新北市,永和區,ChIJ2WvYcX-pQjQR62iQUsj5j6U,湛盧咖啡 大安館,25.0345666,121.5332974,4.4,1207.0,2.0,"cafe,store,food,point_of_interest,establishment",新生南路一段161巷2-1號
新北市,永和區,ChIJ5cQNwsGpQjQReskPrqmHgys,季節香茶葉與咖啡烘焙屋,25.0131533,121.5133168,4.6,521.0,1.0,"cafe,food,point_of_interest,establishment",仁愛路71號
新北市,永和區,ChIJow40vm-pQjQRO5n1qK06Fbg,怡客咖啡 南昌牯嶺店,25.0321015,121.5156055,4.6,413.0,2.0,"cafe,food,point_of_interest,establishment",南海路46-1號
新北市,永和區,ChIJ6wfdtaapQjQRkrOS7r-qOMU,Cafe365咖啡館,25.0355667,121.5079653,4.8,531.0,,"cafe,restaurant,food,point_of_interest,establishment",廣州街10-4號號 & 2樓座位區
新北市,永和區,ChIJiwEAMZmpQjQRkSbVMxAjuDY,柒號咖啡 No7. Coffee,25.031549,121.5179218,4.7,514.0,2.0,"cafe,food,point_of_interest,establishment",南昌路一段59巷10號
新北市,永和區,ChIJkeEwI36pQjQRl9mATU3pHqE,樂米 LaMeet 精品咖啡&烘豆體驗,25.0180856,121.5292905,4.9,114.0,,"cafe,store,food,point_of_interest,establishment",羅斯福路三段210巷8弄12號
新竹市,東區,ChIJ5cL1WnU1aDQRy_vhXLpu_2o,somewhere cafe,24.8102088,120.9780243,4.7,184.0,,"cafe,food,point_of_interest,store,establishment",中央路310號
新竹市,東區,ChIJDyo8QGY1aDQRLe1RyLR-MXw,23 Coffee Roasters - 東大店,24.8097984,120.9710654,4.4,116.0,,"cafe,food,point_of_interest,establishment",東大路一段196號
新竹市,東區,ChIJ_zOVDUc1aDQR9xqhYJMoIWU,洞心咖啡廳Heartbeat Cafe-新竹東區咖啡廳/下午茶/手作甜點 手沖/精品/義式咖啡 輕食/蛋糕 咖啡課程體驗 桌遊/親子/包場/約會/網美/打卡 人氣熱門好評推薦 PTT Dcard,24.7950535,120.9779442,4.9,167.0,,"cafe,food,point_of_interest,establishment",学府路61巷5-1號
新竹市,東區,ChIJKWep4U81aDQR8aVVriK2--4,我的悠閒時光下午茶,24.7977524,120.9594799,4.8,78.0,,"cafe,restaurant,food,point_of_interest,establishment",育英路49巷1號
新竹市,東區,ChIJJ4V6ZRk1aDQR6wqE3-tpsbc,Basement cafe hsinchu,24.8272575,120.966582,4.4,327.0,2.0,"cafe,restaurant,food,point_of_interest,store,establishment",公道五路四段513號
新竹市,東區,ChIJk_PFy1o1aDQRMZU7rTZEmsQ,那家咖啡館 單品冰滴！手沖√,24.8047629,120.9632794,4.8,2747.0,2.0,"cafe,food,point_of_interest,establishment",西大路465號
新竹市,東區,ChIJ91LcoNc1aDQRE7m815F7jKo,想要分享。咖啡,24.804066,120.9773637,4.9,113.0,,"cafe,food,point_of_interest,establishment",花園街56號
新竹市,東區,ChIJ4wUGQPw1aDQR9jC3pZnqWcE,feacor coffee 非可咖啡 （咖啡、歐式三明治、自家甜點、奶酥厚片）,24.8062538,120.9674303,4.8,70.0,,"cafe,food,point_of_interest,establishment",大同路121號一樓
新竹市,東區,ChIJbwZJKgM1aDQRRtqXN7hekJg,FOXLOVE COFFEE 咖啡廳,24.7975395,120.9621707,4.9,618.0,,"cafe,food,point_of_interest,store,establishment",林森路281號
新竹市,東區,ChIJkQMoFwA1aDQRS8B3p0j6IE0,hsïa (café) 夏．咖啡,24.8093483,120.9695098,4.7,161.0,,"cafe,food,point_of_interest,store,establishment",仁愛街103號
新竹市,東區,ChIJp4blgSI3aDQR2QmIK23XL9g,自然產販豆所 coffee & roaster (無訂位／營業時間依IG為主),24.8065893,120.965246,4.7,250.0,,"cafe,food,point_of_interest,store,establishment",長安街79號
新竹市,東區,ChIJu7UuacM1aDQRyMGZZUN0BUg,H・Cafe（營業時間以粉專為主，最後點餐時間18:00。無提供訂位服務。平日客滿限時2小時，假日限時2小時）,24.8062255,120.9743444,4.5,595.0,2.0,"cafe,restaurant,food,point_of_interest,store,establishment",民族路43號1樓
新竹市,東區,ChIJXXQH_A01aDQR_5xxf4SJKB0,海米咖啡HIMI COFFEE,24.7978196,120.9685608,4.9,104.0,,"cafe,food,point_of_interest,store,establishment",西大路183號
新竹市,東區,ChIJy2emtaA3aDQR8ZB6mCYIKLU,Here Space｜冰滴手沖咖啡｜甜點｜餐盒外燴,24.789275,120.9970992,4.9,399.0,,"cafe,food,point_of_interest,store,establishment",大學路1001號第二餐廳３樓
新竹市,東區,ChIJ5eSgKcU1aDQRDBxSTOcK6qQ,COFFEE LOVER's PLANET,24.8102397,120.9747789,4.1,423.0,2.0,"cafe,food,point_of_interest,establishment",中央路239號
新竹市,東區,ChIJYRBRQQA1aDQRyTTEWsTmtJA,溫島 Wen Dao café│店休日不固定，請參考IG公告,24.8139826,120.9808861,5.0,82.0,,"cafe,food,point_of_interest,store,establishment",自由路66巷15號
新竹市,東區,ChIJE3vv4CA1aDQRSzy8qc47O7A,Kiwi to go,24.7989232,120.9695005,4.7,196.0,1.0,"cafe,food,point_of_interest,establishment",竹蓮街115號
新竹市,東區,ChIJg1aZ5ZQ1aDQRxib5yEmSpr8,貳參咖啡-西門店,24.8010452,120.9626899,4.7,1241.0,2.0,"cafe,food,point_of_interest,establishment",西門街152號
新竹市,東區,ChIJ79WFgsE1aDQRsaZRQgF4H6g,Jiumu Coffee Roasters九慕咖啡,24.8049455,120.9701265,4.5,911.0,1.0,"cafe,bar,food,point_of_interest,store,establishment",中正路60號
新竹市,東區,ChIJkRm3icA1aDQRmCQkN0mooLQ,咖啡夫人(楓咖啡),24.8221553,120.9711222,4.7,250.0,2.0,"cafe,food,point_of_interest,establishment",鐵道路二段221號
新竹市,東區,ChIJL0ze83E2aDQRP3DaTTQ9JEs,舊是經典,24.8011763,120.9973904,4.6,628.0,2.0,"cafe,food,point_of_interest,establishment",建美路5號
新竹市,東區,ChIJPRJbNNQ1aDQR0cgLih6d-4g,想咖啡・Miss Cafe',24.8242041,120.9630011,4.8,110.0,,"cafe,restaurant,food,point_of_interest,store,establishment",金雅一街16號
新竹市,東區,ChIJk7BAC9E1aDQRcKhHolfreyo,Float Dept.微生咖啡「沒有訂位服務」「無室內候位空間」,24.8073916,120.9744697,4.4,1334.0,2.0,"cafe,food,point_of_interest,establishment",民權路111巷23號
新竹市,東區,ChIJ1SC0i-o1aDQRhv8pkHF1pok,鹿可咖啡（無訂位服務/無接待六歲以下兒童）,24.8021969,120.9670249,4.4,338.0,2.0,"cafe,food,point_of_interest,establishment",南門街98號
新竹市,東區,ChIJJeHeNkI1aDQRdFmamR02nUc,木柘MU JHE (無開放10歲以下孩童),24.8074959,120.9672704,4.3,352.0,,"cafe,food,point_of_interest,store,establishment",世界街132號
新竹市,東區,ChIJZbEdJgA1aDQRFsj_n_Y1Iok,恆星咖啡 EDS Coffee Roaster ｜咖啡廳｜自家烘焙咖啡豆｜精品濾掛咖啡｜精品手沖｜,24.8081853,120.9615932,4.9,42.0,,"cafe,food,point_of_interest,store,establishment",民富街140號
新竹市,東區,ChIJRf4rWIY1aDQRwDOKaLCqGRs,回咖啡,24.7975562,120.951929,4.9,31.0,,"cafe,food,point_of_interest,establishment",經國路三段92巷29號
新竹市,東區,ChIJk25q0JWvQjQRrUQrXZ2Gzxc,Arrich Patissere 窩宅咖啡,24.8161603,120.96212,4.8,70.0,,"bakery,cafe,restaurant,food,point_of_interest,store,establishment",武陵路3號
新竹市,東區,ChIJW4N16cQ1aDQRDBeVmIDIFl0,昀熙咖啡,24.8086113,120.9745213,4.8,370.0,2.0,"cafe,food,point_of_interest,store,establishment",三民路9-3號入口在可不可紅茶對面
新竹市,東區,ChIJDYrxeFA1aDQR_g9x7Lzk5wo,叉子咖啡Fork Cafe,24.8017371,120.9790951,4.5,335.0,,"restaurant,cafe,food,point_of_interest,store,establishment",公園路273號新竹公園內-湖畔料亭
新竹市,東區,ChIJgXb1oec3aDQRk_7VzFHrzz0,熊棧咖啡 (Coffee + Tea Wonderland),24.8027121,120.9976626,4.9,65.0,,"cafe,food,point_of_interest,establishment",公道五路二段285號1樓
新竹市,東區,ChIJ_eJcZ_c3aDQRW9HJsKYFO08,客美多咖啡 Komeda‘s Coffee - 新竹公道店,24.8055183,120.9915418,3.9,742.0,2.0,"cafe,food,point_of_interest,establishment",公道五路三段1號
新竹市,東區,ChIJgwFSFK03aDQRFExDvZ3EU-E,泥巴水咖啡,24.8024778,120.9958328,4.7,238.0,2.0,"cafe,food,point_of_interest,establishment",建中路118號
新竹市,東區,ChIJc9Km6HQ2aDQRWGlINk1OYLg,RD cafe,24.7994813,120.9912308,4.7,296.0,1.0,"cafe,food,point_of_interest,establishment",光復路二段221號
新竹市,東區,ChIJTUUsnMA1aDQRiTH5lcM94RA,HILA BASECAMP,24.8076543,120.9649598,4.7,153.0,1.0,"cafe,food,point_of_interest,establishment",長安街107號
新竹市,東區,ChIJta2FSnk3aDQRVdjUwS8oMds,芃恩咖啡,24.7960761,120.9712022,4.8,43.0,,"cafe,food,point_of_interest,establishment",西大路84-2號
新竹市,東區,ChIJEV24gJU1aDQRyUb2-9aQUV8,貳參咖啡二店,24.8097874,120.9711784,4.4,96.0,,"cafe,food,point_of_interest,store,establishment",東大路一段196號
新竹市,東區,ChIJpzLYgoM1aDQRz5yVxHxfcAs,夜餘製豆,24.8017394,120.9668996,4.8,170.0,,"cafe,food,point_of_interest,establishment",南門街63號
新竹市,東區,ChIJqzjP--k1aDQRf-5XvrT8h9E,克蔓莉珈琲餐館,24.802075,120.970845,4.5,686.0,2.0,"cafe,restaurant,food,point_of_interest,store,establishment",林森路2號四樓
新竹市,東區,ChIJ09yvu3U2aDQRXpn-mU67acY,Hollatte馥拿鐵 自烘咖啡 馬偕店,24.8017132,120.9897198,4.7,259.0,1.0,"cafe,food,point_of_interest,establishment",忠孝路27巷9號
新竹市,東區,ChIJ7xoBEN41aDQRv_bWRtesppk,或者咖啡 OR Coffee｜手沖單品・甜點・早午餐,24.8073893,120.9665589,4.5,301.0,,"cafe,food,point_of_interest,store,establishment",大同路177號
新竹市,東區,ChIJ4dKNMY01aDQRQkllAJCFl_o,邊境黑白切咖啡,24.7916162,120.9647187,4.7,183.0,2.0,"cafe,food,point_of_interest,establishment",南大路525號
新竹市,東區,ChIJvWNCrzM1aDQRfZzRhRNMAqY,璽月咖啡-城隍館｜早午餐下午茶｜自助洗衣24H｜代客洗烘摺｜寵物友善,24.8057975,120.9671092,4.5,81.0,,"cafe,food,point_of_interest,establishment",中山路34號
新竹市,東區,ChIJ5c3ABMc1aDQR3i09__cKvwk,臺階咖啡Stage Café 無限時 * 一人作業店家*晚上7點後若無客人則提早於晚上8點打烊*假日無訂位服務*,24.8141645,120.9681069,4.7,115.0,,"cafe,food,point_of_interest,establishment",經國路一段838巷4號
新竹市,東區,ChIJM_5VtXI2aDQRA9PNkbdNguY,HILA STEP,24.7968421,120.9971401,4.7,219.0,1.0,"cafe,food,point_of_interest,establishment",光復路二段382號300
新竹市,東區,ChIJE8hxTOc1aDQRnaVSQx2GjYM,i381.cafe,24.7990965,120.9816784,4.3,101.0,2.0,"cafe,bakery,food,point_of_interest,store,establishment",博愛街81-3號
新竹市,東區,ChIJRz4m2BQ1aDQRz9SPmS-IWi0,諾亞輕食堂－新竹 複合式餐廳｜不限時咖啡廳｜輕食早午餐｜場地出租｜桌遊餐廳｜朋友聚會 推薦,24.800048,120.9738761,3.7,23.0,,"cafe,food,point_of_interest,store,establishment",南大路157號
新竹市,東區,ChIJd5wWdUA1aDQRGGpzvPLICso,Deja vu即視感咖啡店,24.8030459,120.9755713,4.5,190.0,1.0,"cafe,food,point_of_interest,store,establishment",東大路一段37號
新竹市,東區,ChIJf-zJD341aDQRhzOX-UzNgYc,COVER CAFE,24.8023611,120.9673661,4.5,281.0,,"cafe,food,point_of_interest,store,establishment",文昌街73號
新竹市,東區,ChIJUQUU4b01aDQR3PiFUhEM8bI,鍋子咖啡,24.8063848,120.9586247,4.3,272.0,,"cafe,food,point_of_interest,establishment",民富街194號
新竹市,東區,ChIJD7uiCiM1aDQRnTjQt9GSB8M,寶地咖啡甜點店 ⛁ Baodi Coffee Bar,24.804561,120.9680624,4.6,110.0,,"cafe,food,point_of_interest,store,establishment",東前街18號
新竹市,東區,ChIJ3dnarZQ1aDQR9cqxIVNQxcM,墨咖啡 INK COFFEE,24.7992745,120.9643335,4.6,2605.0,2.0,"cafe,food,point_of_interest,establishment",林森路180號
新竹市,東區,ChIJoY6HAMQ1aDQRm5Z6Gd6Gk5Y,熊·布魯茵,24.8079068,120.9704575,4.2,105.0,,"cafe,food,point_of_interest,establishment",仁愛街63號1 樓
新竹市,東區,ChIJv3jzIbY1aDQR2Q2aeYlCQus,Louisa Coffee 路易莎咖啡(新竹市府門市),24.8098065,120.9678325,3.7,1005.0,1.0,"cafe,food,point_of_interest,establishment",北大路162號
新竹市,東區,ChIJT7A-DgQ1aDQRqjXxvaeaLbw,cama café 大魯閣湳雅店,24.8194389,120.9699531,3.7,149.0,,"cafe,food,point_of_interest,store,establishment",大雅路88號1樓
新竹市,東區,ChIJe8VtwBw1aDQRgk0e3DIGfd8,招財咖啡,24.8069243,120.9674685,4.6,1378.0,2.0,"cafe,food,point_of_interest,store,establishment",英明街6-1號
新竹市,東區,ChIJyb1-t-o1aDQRA6rab0jc-KI,Louisa Coffee 路易莎咖啡(新竹遠百店),24.8020187,120.9657062,3.2,775.0,1.0,"cafe,food,point_of_interest,store,establishment",西大路360號1-3樓
新竹市,東區,ChIJRyIoQQg1aDQRQSVtkE2t9Zc,Werden café,24.8023285,120.9628323,4.8,96.0,,"cafe,food,point_of_interest,store,establishment",勝利路245巷14號
新竹市,東區,ChIJLzLSiZI1aDQRXtngBc2BU28,歐格咖啡,24.7947072,120.9619224,4.7,16.0,,"cafe,food,point_of_interest,establishment",振興路65號
新竹市,東區,ChIJH3dDD0o1aDQRJludesquIXg,DoDidDone Coffee Cottage,24.8158634,120.9674816,4.9,168.0,,"cafe,food,point_of_interest,establishment",水田街91巷9號
新竹縣,竹北市,ChIJZXKg2Uk3aDQRVJ3RT92fCIY,提燈咖啡Lightupcafe | 早午餐咖啡廳,24.8133902,121.0329447,4.7,188.0,2.0,"cafe,store,restaurant,food,point_of_interest,establishment",復興一街169號
新竹縣,竹北市,ChIJpyPuZTQ3aDQRDMLgWeFVdiA,冰藍沁禾咖啡館 BLCH Coffee Roasters（店休日詳粉絲頁，六、日、國定假日無訂位）,24.8180472,121.0285769,4.9,332.0,2.0,"cafe,store,food,point_of_interest,establishment",嘉興路239之2號
新竹縣,竹北市,ChIJK6An1-k2aDQRwo2hDrWZvYI,Jin Coffee,24.8338798,121.0185856,4.9,305.0,2.0,"cafe,food,point_of_interest,establishment",文采街133號
新竹縣,竹北市,ChIJ18foYNk3aDQR6bydy1yNgWw,日遲DIDcoffee.Hsinchu（僅電話訂位）,24.8126134,121.0308098,4.3,892.0,,"bakery,cafe,store,food,point_of_interest,establishment",嘉豐六路一段62號
新竹縣,竹北市,ChIJwXYixAI3aDQRqS_uj_i9kyA,覺咖啡 現實存在的解惑咖啡廳 靈感特調籤詩提點專門店 問事查解請預約,24.8312737,121.0169902,4.7,263.0,,"cafe,store,food,point_of_interest,establishment",文采街22號
新竹縣,竹北市,ChIJ0Z0YCgc3aDQRP8aH21fyJTY,Shmily Coffee Roasters｜興利咖啡,24.8091723,121.0262117,4.9,370.0,2.0,"cafe,food,point_of_interest,establishment",六家五路一段147號
新竹縣,竹北市,ChIJPSZjcbU3aDQRtL8vmGss5MY,NOSH Coffee.Brunch,24.813081,121.021636,4.5,93.0,,"cafe,store,restaurant,food,point_of_interest,establishment",成功十二街32號
新竹縣,竹北市,ChIJSys5B3o3aDQR7UpA1Wom3Eo,B . COFFEE dax,24.8404421,121.00239,4.6,185.0,,"cafe,store,food,point_of_interest,establishment",華興街142巷5號
新竹縣,竹北市,ChIJVzoEQ0o3aDQRTTZ-uR1iCFo,Share Day Coffee,24.8317896,121.0200534,4.8,88.0,,"cafe,store,food,point_of_interest,establishment",文仁街32號
新竹縣,竹北市,ChIJ9fFKNhs3aDQR4Y6IgILemHI,壹柒零珈琲,24.8382246,121.0006397,5.0,51.0,,"cafe,food,point_of_interest,establishment",華興街237號
新竹縣,竹北市,ChIJFTlFx_42aDQRqXOL0ti3-7E,COFFEE OWNER,24.8147209,121.0286307,4.5,382.0,,"cafe,store,food,point_of_interest,establishment",福興東路二段109號
新竹縣,竹北市,ChIJm5XJaQA3aDQRYSLt58VHBEk,AIFA COFFEE 牽引咖啡(本週三10/22臨時店休一日）,24.828451,121.0075804,5.0,27.0,,"cafe,store,food,point_of_interest,establishment",光明六路140號
新竹縣,竹北市,ChIJ3UzxhJw3aDQR7PiZWl6Lhks,橋恩咖啡成功店JOINCOFFEE,24.819506,121.0263726,4.7,153.0,,"cafe,store,restaurant,food,point_of_interest,establishment",自強七街22號
新竹縣,竹北市,ChIJj2EDE7s3aDQR5ykLzhvwXQk,傳香咖啡,24.8268792,121.012924,5.0,29.0,,"cafe,store,food,point_of_interest,establishment","B1 No, No. 10號光明六路"
新竹縣,竹北市,ChIJP3GKDes2aDQR-yf7OSpWNzo,橋恩咖啡,24.8318101,121.0126401,4.6,514.0,2.0,"cafe,store,food,point_of_interest,establishment",文信路297號
新竹縣,竹北市,ChIJgU1XUQA3aDQRr-QKesMdmHc,Caffe bene咖啡伴竹北店,24.8234672,121.0302631,5.0,27.0,,"cafe,store,food,point_of_interest,establishment",勝利六街221號
新竹縣,竹北市,ChIJQUpiVPQ3aDQRNcLEx_SGiUc,go to coffee構圖咖啡—不定時深夜咖啡廳,24.8211951,121.0095498,4.9,76.0,,"cafe,store,food,point_of_interest,establishment",科大一路128號go to coffee
桃園市,中壢區,ChIJO3h5L6gjaDQRjvXcRHuVK4k,Σ COFFEE ROASTERS | SIGMA,24.9444152,121.2051858,4.9,159.0,,"cafe,restaurant,food,point_of_interest,establishment",崇義三街27號
桃園市,中壢區,ChIJ4VTmHe8jaDQRkUCPp-f28pg,Ramble Cafe 漫步藍咖啡 - 桃園中壢店-中壢輕食甜點|手沖咖啡|熱門咖啡館|中壢咖啡廳推薦,24.9582089,121.2178194,4.8,97.0,,"cafe,food,point_of_interest,store,establishment",中央西路二段22-1號
桃園市,中壢區,ChIJ95qH0DkiaDQRsvn9BnLVVIg,Poffee Canteen,24.9592507,121.2288563,4.5,363.0,2.0,"cafe,food,point_of_interest,establishment",元化路125巷32號
桃園市,中壢區,ChIJ40exXGsjaDQRBoKuMvnD-Zs,Faith café,24.9414289,121.224104,4.7,189.0,,"cafe,food,point_of_interest,establishment",環南路三段291號
桃園市,中壢區,ChIJxbiJy2gjaDQR9F97UeTIoZw,喬治的咖啡,24.9589545,121.2175063,4.9,321.0,2.0,"cafe,food,point_of_interest,store,establishment",民權路150號
桃園市,中壢區,ChIJyegTChMjaDQRUjlFBet-86s,好貳咖啡 x 熊空茶作,24.9596456,121.2279744,4.5,1581.0,2.0,"cafe,food,point_of_interest,store,establishment",元化路155號
桃園市,中壢區,ChIJT0EhpxEjaDQRzJcME330vDE,武威堂咖啡,24.9513417,121.2237214,4.6,549.0,,"cafe,restaurant,food,point_of_interest,store,establishment",龍岡路一段63巷52號
桃園市,中壢區,ChIJ_1x8YV0jaDQRx_f2uEgCXUU,鹿途咖啡LU•TU（一店） ｜寵物友善、早午餐、義大利麵、燉飯、下午茶｜,24.9470291,121.2225088,4.7,515.0,,"cafe,food,point_of_interest,store,establishment",金陵路156號1 樓
桃園市,中壢區,ChIJc91jluUjaDQRsd0Ps8Cgx10,良益咖啡館 龍岡店,24.9333947,121.2344076,4.9,10.0,,"cafe,food,point_of_interest,establishment",龍岡路三段262巷60號
桃園市,中壢區,ChIJbcBEHpQjaDQRSe-14I1wDjQ,咖啡候機室 中壢新生店,24.9593465,121.2226181,5.0,60.0,,"cafe,food,point_of_interest,store,establishment",新生路97號1F
桃園市,中壢區,ChIJdR9exfgjaDQRFu1nnanwLMU,Y.J COFFEE 玉津咖啡-中壢新明店/會議餐點提供/桶裝咖啡茶飲提供/餐盒提供/,24.9570804,121.2143497,4.5,333.0,,"cafe,meal_delivery,restaurant,food,point_of_interest,store,establishment",中山路517號
桃園市,中壢區,ChIJoWv5bBUiaDQRBNfJq7PDDXw,找個地方cafe,24.9551217,121.2421795,4.4,362.0,2.0,"cafe,food,point_of_interest,store,establishment",大仁二街15號二樓之13
桃園市,中壢區,ChIJL78ExDQjaDQRTefytp-1pZU,苔蘚視角書與咖啡,24.9440264,121.2222197,4.9,310.0,,"cafe,food,book_store,point_of_interest,store,establishment",金陵路280號
桃園市,中壢區,ChIJg5s4lcojaDQRA9reKUaAjtU,Dute coffee & bar,24.9568332,121.2269868,4.5,334.0,,"cafe,food,point_of_interest,store,establishment",中光路61號
桃園市,中壢區,ChIJ_TrjNRwjaDQRlxxBliN2D30,Leafy Arms Coffee 綠手臂生活實驗室(蔬食/咖啡/閱讀）特別店休日詳見IG,24.9656603,121.2181616,4.9,67.0,,"cafe,food,point_of_interest,establishment",光輝街53號
桃園市,中壢區,ChIJz9cwM88jaDQRa52rONS_Ifg,+84 Coffee,24.95431,121.2260115,4.7,75.0,,"cafe,food,point_of_interest,store,establishment",元化路2之36號2樓
桃園市,中壢區,ChIJf0GSUI0jaDQRp3UK6nwH5AI,幸凝咖啡館（sn.cafe),24.9639436,121.2203092,5.0,64.0,,"cafe,food,point_of_interest,store,establishment",中豐路29號
桃園市,中壢區,ChIJZS_VJQAjaDQRqzIVFPbQXQg,Y.J COFFEE 玉津咖啡-中壢弘揚店,24.9537829,121.2411929,4.4,174.0,,"cafe,food,point_of_interest,store,establishment",弘揚路73號
桃園市,中壢區,ChIJzRwpHgAjaDQR8Va9hF9MhhM,不正 Crooked Thumb coffee（休假請見instagram,24.9593566,121.2211346,4.9,122.0,,"cafe,food,point_of_interest,store,establishment",永嘉街60號
桃園市,中壢區,ChIJKVBwWvkjaDQR3IBi7g25c48,商務倉咖啡館,24.9643739,121.2259102,4.9,54.0,,"cafe,food,point_of_interest,establishment",慈惠三街136號
桃園市,中壢區,ChIJa6GHj6QjaDQR6CZngM6Vuvw,La Luce 光棲工作室 (繪畫/咖啡/空間/外燴）,24.9665253,121.2253034,5.0,57.0,,"cafe,food,point_of_interest,establishment",興平路62號
桃園市,中壢區,ChIJYaZVADoiaDQRfEfV9MJaH0o,迴憶cafe,24.961664,121.2284297,4.5,388.0,2.0,"cafe,food,point_of_interest,establishment",延平路31號仁海宮
桃園市,中壢區,ChIJuQYwRBgjaDQRPwFdh4sDaK8,貳巷貓弄 中壢店(未滿12歲孩童請電話/臉書粉絲團預約),24.9577518,121.223051,4.6,1295.0,,"cafe,restaurant,food,point_of_interest,store,establishment",大同路77號2樓
桃園市,中壢區,ChIJFYCEAFwjaDQRAdum39v3Ujs,老窩咖啡☕️平鎮環南店(˶‾᷄ ⁻̫ ‾᷅˵),24.9518007,121.2064814,4.6,264.0,,"cafe,food,point_of_interest,establishment",環南路222號
桃園市,中壢區,ChIJeapx7GEjaDQRVrPHwZC_SVE,Rubato cafe -任性咖啡,24.9564327,121.2229917,4.9,62.0,,"cafe,restaurant,food,point_of_interest,store,establishment",中山路191號
桃園市,中壢區,ChIJcSolnV8jaDQRPi5WKeCVKxQ,煉咖啡,24.9467061,121.2094879,4.8,78.0,,"cafe,food,point_of_interest,establishment",延平路二段248巷2號
桃園市,中壢區,ChIJv6eyBnYjaDQRFh9Tl6eI6O8,原創咖啡,24.958883,121.2408833,4.5,55.0,,"cafe,food,point_of_interest,store,establishment",中北路200號大樓梯旁中原大學活動中心一樓
桃園市,中壢區,ChIJEaLBCQAjaDQREn2Daw3sHBw,誠實咖啡,24.9565864,121.2230574,4.9,230.0,,"cafe,food,point_of_interest,store,establishment",中山路200號
桃園市,中壢區,ChIJYdMISm4jaDQRvB6aU0ddpXQ,汸汸cafe,24.9355766,121.2483438,5.0,21.0,,"cafe,restaurant,food,point_of_interest,store,establishment",龍川三街32巷21號
桃園市,中壢區,ChIJe4AoM1MiaDQROepBd55NsPQ,迪兒咖啡,24.9448054,121.2166367,4.6,170.0,2.0,"cafe,food,point_of_interest,establishment",中豐路168號
桃園市,中壢區,ChIJ2Sz-b-kjaDQRpYTdKKzLduk,雪球咖啡 中壢店,24.9602731,121.2253987,4.7,189.0,,"cafe,food,point_of_interest,store,establishment",延平路336號
桃園市,中壢區,ChIJiYmaPYEjaDQRbiAOOkFpCGM,薇麥蔬食咖啡,24.9611635,121.2177692,4.8,72.0,,"cafe,food,point_of_interest,establishment",義民路二段113號
桃園市,中壢區,ChIJTcqsHjEiaDQRvwZNXbwQSGY,丹馬克咖啡,24.9641733,121.2250466,4.5,2160.0,2.0,"cafe,food,point_of_interest,store,establishment",慈惠三街157巷10號
桃園市,中壢區,ChIJffLjtiQiaDQRQKMj4TGFFBA,拾事咖啡｜自烘咖啡、手工甜點/鹹派、無訂位、最後點餐時間20:30,24.9663016,121.2328779,4.6,699.0,2.0,"cafe,food,point_of_interest,store,establishment",福星六街67號1樓
桃園市,中壢區,ChIJyVO_J0ciaDQROfTMjCkTIaQ,MINE CAFÉ 賣咖啡,24.9523982,121.2329597,4.7,96.0,,"cafe,food,point_of_interest,establishment",福州路63號
桃園市,中壢區,ChIJnbk1wrcjaDQRFAaVsfv-T1M,Cloud Cafe雲朵咖啡館,24.9693273,121.2475005,4.8,107.0,2.0,"cafe,restaurant,food,point_of_interest,establishment",復華街43號
桃園市,中壢區,ChIJG09XW5gjaDQRRtqeivwaCCc,莯禾咖啡 𝑴𝒖𝒉𝒆 𝑪𝒂𝒇𝒆,24.9581061,121.2235801,5.0,37.0,,"cafe,restaurant,food,point_of_interest,store,establishment",大同路55號1樓
桃園市,中壢區,ChIJ7d0uDjAiaDQRv7ebfU5vQOg,Table 2 Coffee Roaster,24.9660912,121.2277047,4.3,733.0,2.0,"cafe,food,point_of_interest,store,establishment",興平路165號
桃園市,中壢區,ChIJXzcRtTYiaDQRFe_aMwkDKYY,UCC Caf'e Mercado,24.9627487,121.2236235,4.0,61.0,,"cafe,food,point_of_interest,store,establishment",元化路357號B1
桃園市,中壢區,ChIJLTK5nJcjaDQR3o55Y3Z3GyM,蒔宜咖啡 Sourire Café （10/13-22店休）,24.9530124,121.2332146,4.9,156.0,,"cafe,food,point_of_interest,store,establishment",廣州路211號1樓
桃園市,中壢區,ChIJO429KLIjaDQRKskWS4ZyFnw,理性與感性咖啡館,24.9538953,121.2165178,4.7,1119.0,2.0,"cafe,food,point_of_interest,establishment",義民路71號
桃園市,中壢區,ChIJP1vB2DUiaDQRjeoIPaTEnEA,布納咖啡館 中壢館｜網美餐廳｜下午茶｜早午餐｜聚餐｜慶生｜包場｜包廂,24.9591708,121.2225709,4.7,3344.0,2.0,"restaurant,cafe,food,point_of_interest,store,establishment",新生路89號
桃園市,中壢區,ChIJw_Ju8MCpQjQR-wEKUAUT4DY,寒咖啡_寵物友善,24.9607063,121.225208,4.9,262.0,,"cafe,food,point_of_interest,establishment",慈惠一街124巷6號
桃園市,中壢區,ChIJU5gxDgcjaDQRBQMRHI7Q-rU,禾曼咖啡餐廳,24.9381734,121.2238359,4.7,1646.0,2.0,"restaurant,bakery,cafe,florist,food,point_of_interest,store,establishment",金陵路二段220號
桃園市,中壢區,ChIJs0YDjE8iaDQRKUPsAq3dX_c,日上山丘咖啡廳-自家烘焙咖啡/手工甜點-中壢手沖咖啡|精品咖啡廳|輕食下午茶|人氣咖啡|熱門下午茶|在地推薦餐廳,24.9470218,121.2280047,4.6,305.0,1.0,"cafe,food,point_of_interest,establishment",龍岡路二段10號
桃園市,中壢區,ChIJ9b7CkCMiaDQRdVEPXXzNuGc,S&D 中壢福州店,24.9685874,121.2349054,4.6,190.0,1.0,"cafe,food,point_of_interest,establishment",福州二街519號
桃園市,中壢區,ChIJaVyqPecjaDQRxLq4SJaNshA,遇見咖啡-自家烘培 咖啡豆專賣店/手沖咖啡/器具/濾掛咖啡/簡餐,24.9638778,121.217301,4.7,330.0,2.0,"cafe,food,point_of_interest,establishment",民權路364號
桃園市,中壢區,ChIJqSUEVSojaDQRhpEP75EsZNM,旅人咖啡館 中壢店,24.933793,121.2364609,4.5,1193.0,2.0,"restaurant,cafe,food,point_of_interest,store,establishment",龍岡路三段315號
桃園市,中壢區,ChIJSU799awjaDQRz9LgLun5MsE,DoDolce Coffee 豆豆甜咖啡商行,24.9584073,121.2231086,5.0,111.0,,"cafe,food,point_of_interest,store,establishment",廣安街28號
桃園市,中壢區,ChIJNw4OAhkjaDQRveGGu3wnc0A,紅菓咖啡中壢龍慈店,24.9430955,121.247398,4.5,66.0,,"cafe,food,point_of_interest,store,establishment",龍慈路89號1 樓
桃園市,中壢區,ChIJa08Q0oshaDQRo2dOqXojXbk,弎咖 θRICA CAFE,24.9785616,121.2501768,4.7,210.0,,"cafe,food,point_of_interest,store,establishment",文化二路305號
桃園市,中壢區,ChIJ-ei3JTYiaDQRbqEfU7aa3QI,老窩咖啡館-中壢站前店,24.9571182,121.2244255,4.1,631.0,1.0,"cafe,food,point_of_interest,establishment",中央東路23號
桃園市,中壢區,ChIJH8hhIlasQjQRW-KmFBCpQN0,山境咖啡,24.95525,121.2184739,4.7,147.0,,"cafe,food,point_of_interest,establishment",中正路302巷2號1樓
桃園市,中壢區,ChIJTcqsHjEiaDQR_3bQHie-MvU,哈瓦那咖啡悅讀館,24.964726,121.225065,4.3,484.0,,"cafe,restaurant,food,point_of_interest,store,establishment",慈惠三街157巷6號
桃園市,中壢區,ChIJGT94_0AiaDQRUPZc2acay08,Piepai Cafe’ (中壢店),24.951769,121.236772,4.3,1004.0,2.0,"cafe,bakery,food,point_of_interest,store,establishment",莒光路89號
桃園市,中壢區,ChIJbTCWZDciaDQRRtqbTpyQMTg,瑞沁咖啡,24.9587664,121.2281645,4.2,169.0,,"cafe,restaurant,food,point_of_interest,store,establishment",元化路113號
桃園市,中壢區,ChIJ35PQO9cjaDQRsvb0TBVOm7M,Hope 65 Café 複合式咖啡廳,24.9486367,121.2320646,4.7,27.0,,"cafe,food,point_of_interest,establishment",合浦街65號
桃園市,中壢區,ChIJKVHFUCEiaDQR5MgPUwAtESo,靜點咖啡｜蔬食餐廳｜蛋素｜奶素｜全素,24.9725308,121.2279343,4.8,714.0,2.0,"cafe,restaurant,food,point_of_interest,store,establishment",南園二路296巷50號
桃園市,中壢區,ChIJszTnzjUiaDQR1cVlS6X0ero,方亭咖啡(中壢),24.9596634,121.2207992,4.4,154.0,2.0,"cafe,food,point_of_interest,establishment",興國路77號
桃園市,中壢區,ChIJW3iY_1IiaDQRqc_O5Jk2wMY,MR.DODO 豆豆先生咖啡 (平鎮店),24.9450548,121.2196118,4.5,217.0,2.0,"cafe,food,point_of_interest,establishment",振平街3號
桃園市,桃園區,ChIJJbpTLHMfaDQRejJsP5MimPo,咖啡洝．Coffee Àn（不定時公休，請見FACEBOOK及INSTAGRAM）,24.9997465,121.2933599,4.7,121.0,,"cafe,food,store,point_of_interest,establishment",文中一路195號
桃園市,桃園區,ChIJ27dYcwAfaDQRWn65uylI3A8,乙路咖啡,25.0051882,121.313396,4.9,16.0,,"cafe,food,point_of_interest,establishment",青溪三路16號
桃園市,桃園區,ChIJj2ZCTwAfaDQRJAYCLJse_B8,(公休請見IG公告) 參拾 Sanshi Coffee,25.0095716,121.3019632,4.8,44.0,,"cafe,food,store,point_of_interest,establishment",中正路822號
桃園市,桃園區,ChIJscMbLiYfaDQR8CMGz8B2oZU,今遇良研cafe｜桃園中路咖啡廳,24.9971148,121.2980049,4.9,348.0,,"cafe,food,store,point_of_interest,establishment",保定三街89巷20號
桃園市,桃園區,ChIJoW9hqqofaDQRGpga6BIfH2c,Cafe ima koko (建議來訪前先參閱下方”關於”),25.0001467,121.2885156,4.8,89.0,,"cafe,restaurant,food,store,point_of_interest,establishment",文中三路199號
桃園市,桃園區,ChIJXT_fe2YfaDQRL5Ay0erWlGc,桃園市婦女培力中心「桃姊妹 TAOSIS」咖啡廳/燉飯與義大利麵料理/便當餐盒/就業資訊/弱勢外資請領/週六市集,24.9927365,121.3104114,4.9,124.0,,"cafe,restaurant,food,point_of_interest,establishment",民權路69號
桃園市,桃園區,ChIJg96nTFkfaDQRmQjxm0NeEZ0,春綠Caf'e,25.0024415,121.2995303,4.4,217.0,2.0,"cafe,food,point_of_interest,establishment",愛三街200號
桃園市,桃園區,ChIJ0Qn3maEfaDQRsuIOROPLr7Q,SIDRA COFFEE ROASTER 栖爪咖啡豆調研所,25.0017989,121.2969274,4.9,69.0,,"cafe,food,store,point_of_interest,establishment",慈文路635巷27號
桃園市,桃園區,ChIJC60k8RQfaDQRWfr_DXAnp4I,咖啡先生-藝文店,25.0108598,121.2965529,5.0,62.0,,"cafe,food,point_of_interest,establishment",中埔二街50號
桃園市,桃園區,ChIJnXxGXwAfaDQRkQuQgGHh1OQ,Kong Coffee 空咖啡/咖啡豆,24.9895147,121.2794458,5.0,109.0,,"cafe,food,store,point_of_interest,establishment",國豐三街72號1樓
桃園市,桃園區,ChIJX7kq8lMfaDQRD6_1Lbl471o,程美咖啡(外帶咖啡專賣店）,25.0210278,121.2987341,4.9,60.0,,"cafe,restaurant,food,point_of_interest,establishment",新埔八街82號
桃園市,桃園區,ChIJcerxZlofaDQRQJTw2plIfgg,朝顏屋 3.2K,25.0058371,121.3206283,4.4,399.0,,"cafe,food,store,point_of_interest,establishment",三元街175-2號
桃園市,桃園區,ChIJR_gaUxQfaDQRWiOYGxlWHlU,成真咖啡 桃園中正店(鄰近藝文總圖),25.0119174,121.3007281,4.6,602.0,2.0,"cafe,food,point_of_interest,establishment",中正路900號
桃園市,桃園區,ChIJl3L7Kq4faDQRY300oLLwopU,有沐咖啡,24.9971919,121.2966723,4.5,459.0,,"cafe,food,store,point_of_interest,establishment",力行路385巷68-2號
桃園市,桃園區,ChIJqz1LcbEfaDQRSXiK5J9q5_g,燊咖啡,25.0164853,121.3017161,4.5,1134.0,2.0,"cafe,food,store,point_of_interest,establishment",新埔六街138號
桃園市,桃園區,ChIJf1qDjd0faDQR3bL_e0olO5Y,承憶咖啡 C.Y. CAF'E,25.0033587,121.3042633,4.9,46.0,,"cafe,restaurant,food,point_of_interest,establishment",民光路129號
桃園市,桃園區,ChIJi02vxzMfaDQRbyzcMgAZBm8,CAMA CAFE 桃園藝文店(早餐、咖啡）,25.01397,121.2992513,4.6,202.0,1.0,"cafe,food,store,point_of_interest,establishment",中正路997號
桃園市,桃園區,ChIJryLyRdsfaDQRft_7ZGbc_xg,光咖啡/咖啡甜點外帶店,24.9944709,121.2984338,4.8,124.0,1.0,"cafe,food,point_of_interest,establishment",廈門街61巷1號
桃園市,桃園區,ChIJ2_QBUqwfaDQRxxb9BOkEHrA,上咖啡,25.0094863,121.3044012,4.4,1151.0,2.0,"cafe,food,store,point_of_interest,establishment",慈文路160號
桃園市,桃園區,ChIJU9EORK8faDQRAt42ne3ekQs,齊食Coffee&Pastries｜蛋黃酥｜外帶咖啡｜手作烘焙｜咖啡豆,25.0212032,121.3036926,5.0,89.0,,"cafe,bakery,food,store,point_of_interest,establishment",經國路266號
桃園市,桃園區,ChIJq27nDhQfaDQR7-HTEw-qm1s,成真咖啡 桃園藝文町,24.9918043,121.3112554,4.6,2963.0,,"cafe,food,point_of_interest,establishment",中正路77巷20號
桃園市,桃園區,ChIJL37qQ8kfaDQRxtcVZoN5cyQ,三火木咖啡 SHEN Roastery (燊咖啡幸福店),25.0283945,121.3017408,4.6,381.0,2.0,"cafe,food,point_of_interest,establishment",幸福路87號
桃園市,桃園區,ChIJ_eT9x58faDQR1zjY8q4uGhw,ML coffee 慕光咖啡2.0【桃園手沖咖啡推薦｜迷你咖啡杯｜桃園下午茶｜得獎咖啡｜熱壓吐司推薦】,25.0077504,121.2999706,4.7,217.0,,"cafe,bakery,food,store,point_of_interest,establishment",慈德街87號
桃園市,桃園區,ChIJ96P-QagfaDQRB89tziwpCLs,190 Café House 珈琲烘焙屋 - 桃園慈光店（咖啡豆販售、內用/外帶、精品手沖咖啡、貝果/甜點/鬆餅）,25.0051886,121.2979218,4.8,349.0,2.0,"cafe,food,point_of_interest,establishment",慈光街51號
桃園市,桃園區,ChIJATAWQDYfaDQRDxe6_S4EcBU,源咖啡,25.0006795,121.3156036,4.6,131.0,,"cafe,restaurant,food,point_of_interest,establishment",中央街163號
桃園市,桃園區,ChIJawMv62wfaDQRTN1Y484rpJI,WEBBERHOOD COFFEE ROASTERS -無訂位,24.9926001,121.2837943,4.8,248.0,,"cafe,food,point_of_interest,establishment",國強一街172號1 樓
桃園市,桃園區,ChIJp-OrQbAfaDQRvriOnnoN01I,布納咖啡館 藝文館｜網美打卡餐廳｜親友聚餐｜下午茶｜包場｜餐酒｜包廂｜慶生,25.0158014,121.2984353,4.4,4494.0,2.0,"restaurant,cafe,food,store,point_of_interest,establishment",中正路1061號
桃園市,桃園區,ChIJE5HjWa8faDQRELbI7iEdnHE,喵日子café｜貓咪咖啡廳｜網美咖啡廳,24.9983237,121.2978338,4.6,1277.0,2.0,"cafe,food,store,point_of_interest,establishment",保定三街93號
桃園市,桃園區,ChIJV8ClbL0faDQR9gJzy7A4k5A,客美多咖啡 Komeda‘s Coffee - 桃園藝文店,25.0144028,121.3013958,4.2,720.0,2.0,"cafe,food,store,point_of_interest,establishment",藝文一街46號
桃園市,桃園區,ChIJdzdFbgUfaDQRVvXgEFAix1I,凱莉日嚐 CAILY CAFE《甜點推薦》桃園區咖啡廳推薦｜人氣甜點｜甜點下午茶｜平價咖啡店｜好評咖啡廳｜飲料店｜甜點店,25.022154,121.2959627,4.6,392.0,,"cafe,food,store,point_of_interest,establishment",中正路1366號
桃園市,桃園區,ChIJGYAnBvEfaDQRE1CvDmO1Ld8,愉事ㄩˊ事（Over the Moon) 咖啡|手作教室｜空間租借｜手沖咖啡｜小山園抹茶｜,25.0189837,121.2963082,5.0,95.0,,"cafe,florist,restaurant,food,store,point_of_interest,establishment",中寧街12巷13號
桃園市,桃園區,ChIJmVXbd1IeaDQRbSYLASY9gjs,走走咖啡 2024Tisca全國杯測賽第二、三名,25.0110142,121.3121233,4.5,883.0,2.0,"cafe,food,point_of_interest,establishment",寶山街358號
桃園市,桃園區,ChIJE9LPukMfaDQRQYjP18An5DA,旅人咖啡館 桃園店,24.9877627,121.3152042,4.4,2204.0,2.0,"restaurant,cafe,food,store,point_of_interest,establishment",大林路83號
桃園市,桃園區,ChIJ_24M1RAfaDQRfXYgSej9frA,神奇咖啡 Magic Coffee,24.9892106,121.2907303,4.9,117.0,,"cafe,food,store,point_of_interest,establishment",吉昌街123號
桃園市,桃園區,ChIJOwOY2dsfaDQRr948Ri52f4A,Y.J COFFEE 玉津咖啡-桃園藝文店,25.0188564,121.2995815,4.0,268.0,,"cafe,food,store,point_of_interest,establishment",南平路282號1樓
桃園市,桃園區,ChIJL_7J4aUfaDQRwRTA0k-QKOM,豆舖咖啡館,25.0087651,121.2942722,4.5,475.0,2.0,"cafe,food,store,point_of_interest,establishment",大興西路二段322號
桃園市,桃園區,ChIJNxbofTofaDQRN9b5AKiijTk,NICE to MEET U NEWBORN & CAFE' 寶寶友善咖啡廳 桃園店,25.0304398,121.2983562,4.1,136.0,,"cafe,food,point_of_interest,establishment",經國二路98號1樓
桃園市,桃園區,ChIJ4-2SrZ8faDQRObSa1WzFNTQ,友美子珈琲 Cafe Yumiko,25.0203946,121.2959839,4.6,1085.0,2.0,"cafe,food,store,point_of_interest,establishment",同德十一街127號
桃園市,桃園區,ChIJoYdnFiofaDQRYvPvoepXZ_I,旅人咖啡館 力行店,24.9989491,121.2977075,4.5,1403.0,2.0,"restaurant,cafe,food,store,point_of_interest,establishment",力行路339號
桃園市,桃園區,ChIJHQWWgyMfaDQRC_EtEuXdsVw,Y.J COFFEE 玉津咖啡-桃園站前店,24.990525,121.3099197,4.2,328.0,,"cafe,food,point_of_interest,establishment",中華路83號
桃園市,桃園區,ChIJGUnukbofaDQRgIat6eKRx1Q,Louisa Coffee 路易・莎咖啡(桃園藝文門市),25.0165185,121.2963076,3.8,311.0,1.0,"cafe,food,point_of_interest,establishment",中埔六街32號
桃園市,桃園區,ChIJT6UfWlIeaDQRwj3ZLLVHQn0,Louisa Coffee 路易莎咖啡(春日直營店),25.0090677,121.3113612,3.1,739.0,1.0,"cafe,food,point_of_interest,establishment",春日路618號
桃園市,桃園區,ChIJlf1uigQfaDQRPe7BSep7AM0,愛瑞兒咖啡坊,24.9951191,121.3013556,4.8,52.0,,"cafe,food,point_of_interest,establishment",信一街27號
桃園市,桃園區,ChIJ2zdVs1QfaDQRwh2maDgXtMs,老窩咖啡-桃園中山東店,24.995955,121.3151794,4.4,95.0,,"cafe,food,point_of_interest,establishment",中山東路32之13號
桃園市,桃園區,ChIJJYE-EbcfaDQRV4Jgi5GQs7I,Louisa Coffee 路易莎咖啡(桃園中正門市),24.9926279,121.3119931,3.3,879.0,1.0,"cafe,food,point_of_interest,establishment",中正路103號
桃園市,桃園區,ChIJf_mac0weaDQR8ulQ7pdFuVA,卡諾咖啡生活館 | 2022 桃園金牌好店,25.0159756,121.312483,4.8,100.0,,"cafe,food,point_of_interest,establishment",大興路200號
桃園市,桃園區,ChIJY16_ffweaDQRquY-pdm3Fo0,方亭咖啡,24.9922964,121.3137505,4.4,333.0,2.0,"cafe,food,point_of_interest,establishment",民生路103號
桃園市,桃園區,ChIJ3-G9kBwfaDQRPTnSGqS9x2A,曼珈咖啡,24.9900775,121.3043029,4.3,58.0,,"cafe,food,point_of_interest,establishment",復興路356號
桃園市,桃園區,ChIJ-XUwQ30faDQRp5-4_dWL5oU,NIJI Pâtisserie & Café 之虹甜點咖啡（不接受當日和國定假日預約),24.9961208,121.3173816,4.8,117.0,,"cafe,food,point_of_interest,store,establishment",中央街31號1樓
桃園市,桃園區,ChIJx8_T1BsfaDQRHzQXuvCHmZs,黑瓶咖啡,25.0103125,121.2962316,4.8,154.0,,"cafe,food,point_of_interest,establishment",大興西路二段138號
桃園市,桃園區,ChIJs3jzrKsfaDQRw5IGan3Aq00,萊比錫極品咖啡（信光店）,25.0048883,121.3050776,3.8,160.0,2.0,"cafe,food,point_of_interest,establishment",信光路123號1樓
桃園市,桃園區,ChIJNUFVNi0faDQRa9YzAt7lwb4,無接待四位以上-叄拾捌號咖啡店-無訂位,25.0240344,121.2950828,4.8,212.0,,"cafe,food,point_of_interest,establishment",中正路1428號
桃園市,桃園區,ChIJSUxIDO0faDQRk3hGKpTsSkg,Louisa Coffee路易莎咖啡桃園大有店,25.0107166,121.3195901,3.8,449.0,1.0,"cafe,food,point_of_interest,establishment",大有路366號
桃園市,桃園區,ChIJAfwyg14faDQRwckSzsjkdPs,大人的咖啡店 ，Big man's cafe,24.9997769,121.3128405,4.7,111.0,,"cafe,food,point_of_interest,establishment",鎮四街2號
桃園市,桃園區,ChIJaZIFGdQfaDQRT_gw8fyLQhc,良肆良拾自家烘焙咖啡館,24.9996898,121.3198711,4.8,94.0,,"cafe,food,point_of_interest,store,establishment",鎮撫街334號
桃園市,桃園區,ChIJR84wajMfaDQREgd9MM2gUU0,Mrs Li cafe 麗太咖啡飲品手工甜點,25.011202,121.3146077,4.4,41.0,,"cafe,food,point_of_interest,store,establishment",民有三街428號一樓
桃園市,桃園區,ChIJ-9GYT38faDQRMEkEp9bjR3k,金木犀KinMokusei ｜Specialty Coffee 桃園自家烘焙精品咖啡,24.9979222,121.2974387,5.0,291.0,,"cafe,food,point_of_interest,store,establishment",力行路385巷31號
桃園市,桃園區,ChIJxZLp0kQZaDQRyGpGOhXWano,吉客咖啡,25.0068663,121.3018807,4.9,17.0,,"cafe,food,point_of_interest,store,establishment",慈德街5號
桃園市,桃園區,ChIJB04CRTgfaDQRso3abZ1Lr7o,Y.J COFFEE 玉津咖啡-桃園寶山店,25.012126,121.3160806,4.0,149.0,,"cafe,food,point_of_interest,store,establishment",寶山街213號
桃園市,桃園區,ChIJleD5LrofaDQRipEHRPEQKO4,黑豆啡 精品咖啡,25.0199839,121.2947228,4.8,144.0,,"cafe,food,point_of_interest,store,establishment",同德十一街156號1樓
花蓮縣,花蓮市,ChIJFV4Y48mfaDQRZ2UpjL_vguI,Coffee Flash 快閃咖啡 民國店,23.9803875,121.609609,4.7,423.0,2.0,"cafe,store,food,point_of_interest,establishment",民國路80巷17號
花蓮縣,花蓮市,ChIJ5fO1ZGefaDQRRRXfADr5uXI,雨林Scone&Coffee 司康專賣店,23.9740542,121.6074765,4.7,363.0,2.0,"cafe,restaurant,bakery,store,food,point_of_interest,establishment",明義街55號
花蓮縣,花蓮市,ChIJYTS-HFafaDQReXLRLs4zAcs,宸誼咖啡館/花蓮美食/花蓮餐廳/花蓮咖啡/花蓮cafe/花蓮下午茶/親子餐廳/抓周,23.9876188,121.5927087,4.8,293.0,,"cafe,store,food,point_of_interest,establishment",自強路576號
花蓮縣,花蓮市,ChIJl6O5cACfaDQRqDGYobbQIYg,科雷精品咖啡館,23.9850006,121.6201384,4.9,131.0,,"cafe,store,food,point_of_interest,establishment",中美路19號
花蓮縣,花蓮市,ChIJK88OJHyfaDQRNED3vPbQ2Dg,羽立咖啡(翌咖啡)自家烘焙,23.9855192,121.6219024,4.9,94.0,1.0,"cafe,food,point_of_interest,establishment",民德一街98號
花蓮縣,花蓮市,ChIJSTR4XcCfaDQRUn19Q2x1o78,艾迪生咖啡館 Edison Coffee Roasters（咖啡豆專賣、咖啡外帶）詳細資料請參考FB粉絲頁［店內無盥洗室，歡迎外帶There is no toilet in this store］,23.9748854,121.6118378,4.8,269.0,,"cafe,food,point_of_interest,establishment",軒轅路12號
花蓮縣,花蓮市,ChIJSQYYcgCfaDQRV0FuycMqREI,日勻甜點工作室｜咖啡廳｜閱讀空間｜花蓮美食｜coffee |dessert|,23.9699956,121.5961235,4.9,183.0,,"cafe,store,food,point_of_interest,establishment",中正路75號
花蓮縣,花蓮市,ChIJoW9Uf6SfaDQRNUYJIPCV0QY,好。咖啡（附設停車場，營業詳情請查看臉書粉專）,23.9851096,121.5908818,4.8,181.0,2.0,"cafe,food,point_of_interest,establishment",自強路476號
花蓮縣,花蓮市,ChIJGbGUTJWfaDQRkyKj0_S1zlQ,Caffe Fiore珈琲花,23.9749553,121.6055366,4.7,985.0,2.0,"cafe,food,point_of_interest,establishment",忠孝街79號
花蓮縣,花蓮市,ChIJqRyfnXqfaDQRNTyRrqDulqw,奧莉咖啡 OLIVA CAFE,23.983855,121.6192262,4.8,122.0,,"cafe,restaurant,store,food,point_of_interest,establishment",中美路3-17號
花蓮縣,花蓮市,ChIJubK0FwCfaDQRi5OrYfeW2jk,將軍淬×iDrip CAFÉ,23.980444,121.612546,4.3,32.0,,"cafe,store,food,point_of_interest,establishment",中正路622巷6號k 棟
花蓮縣,花蓮市,ChIJN2UL_pSfaDQRSbhRrqatszA,V TREE CAFE,23.9742551,121.6029732,4.7,140.0,,"cafe,store,food,point_of_interest,establishment",中正路364號
花蓮縣,花蓮市,ChIJQeraNsGfaDQR7kEnM_3-JHA,波提娜麗精品咖啡,23.9803182,121.6094904,4.9,214.0,2.0,"cafe,food,point_of_interest,establishment",民國路80巷18號
花蓮縣,花蓮市,ChIJ5yt3LeufaDQRGfUEVg_Us04,吉野咖啡--巷仔內私藏的自烘咖啡店,23.9730094,121.6055782,4.9,233.0,2.0,"cafe,food,point_of_interest,establishment",成功街206號
花蓮縣,花蓮市,ChIJI1KcdXqfaDQR68FEO7OSPJk,小巷茉莉,23.9802625,121.608968,4.6,2150.0,2.0,"cafe,restaurant,food,point_of_interest,establishment",三民街62號
花蓮縣,花蓮市,ChIJh60Qd7-faDQRIMc5eUUTVY4,貓棒棒咖啡,23.9791975,121.6048577,4.2,608.0,2.0,"cafe,restaurant,food,point_of_interest,establishment","號 No. 229, 博愛街"
花蓮縣,花蓮市,ChIJEf_Z15efaDQRYrA_sAeq75k,UNCONDITIONAL COFFEE ROASTERY【無攝限咖啡】,23.9786532,121.5963067,4.8,362.0,2.0,"cafe,food,point_of_interest,establishment",國風街84號 由林政街進入
花蓮縣,花蓮市,ChIJAejIQ7-faDQR8heN-Khex6o,伊諾咖啡館,23.9805294,121.6047149,4.6,117.0,2.0,"cafe,food,point_of_interest,establishment",光復街130號
花蓮縣,花蓮市,ChIJ-4_LQXKfaDQRM7oSkPLVOKI,感覺良好咖啡 SENSES COFFEE,23.9751892,121.6059474,4.9,84.0,,"cafe,food,point_of_interest,establishment",上海街220號
花蓮縣,花蓮市,ChIJJebSN9GfaDQRKRamf52uxxk,First Floor Caf’e 壹樓 貓·咖啡,23.9872266,121.6220638,4.8,646.0,2.0,"cafe,restaurant,store,food,point_of_interest,establishment",中美路67-7號
花蓮縣,花蓮市,ChIJOfHt_UGfaDQR5VmnYhnI_6M,歐咖波 OLD COUPLE COFFEE,23.9785012,121.6004787,4.8,252.0,,"cafe,food,point_of_interest,establishment",林森路201巷2-1號
花蓮縣,花蓮市,ChIJCfuF4mSfaDQR8ojWmDRhe2o,北非North Africa - 咖啡/法式吐司/點心,23.9827614,121.6040527,4.9,168.0,,"cafe,food,point_of_interest,establishment",中山路455巷21號
花蓮縣,花蓮市,ChIJQZkbW92faDQRFWqFC0Mytc0,河狸咖啡,23.9778387,121.5977279,4.8,53.0,,"cafe,food,point_of_interest,establishment",建林街6號
花蓮縣,花蓮市,ChIJD9cop5WfaDQRA8fnTNw78WI,Mio米奧咖啡,23.975491,121.602312,4.6,22.0,,"cafe,food,point_of_interest,establishment",中華路194之2號
花蓮縣,花蓮市,ChIJn-OzWgCfaDQRvNSsZ8MFh3M,靜居珈琲,23.9868555,121.6230784,4.9,25.0,,"cafe,store,food,point_of_interest,establishment",民德一街160號
花蓮縣,花蓮市,ChIJ73LcIBifaDQRgvCGWKqblHc,同齊咖吡,23.9828467,121.6061982,4.9,827.0,,"cafe,store,food,point_of_interest,establishment",建國路23號2樓
花蓮縣,花蓮市,ChIJkdEq5i6eaDQRivGhbGWLN-o,黑芭比咖啡 - 花蓮市博愛街146號,23.9775663,121.6063151,4.9,28.0,,"cafe,food,point_of_interest,establishment",博愛街146號
花蓮縣,花蓮市,ChIJWQUpptKfaDQRBRg5qYpJ6qo,充電咖啡Budaily cafe (花蓮林森店),23.981591,121.605492,4.8,31.0,,"cafe,store,food,point_of_interest,establishment",林森路383號
花蓮縣,花蓮市,ChIJabY88-qfaDQRd4oZ2BFhAGc,珈琲宅（KOHI宅 / 休假日期請見臉書公告）,23.9745564,121.6078106,4.8,386.0,,"cafe,food,point_of_interest,establishment",成功街298號
花蓮縣,花蓮市,ChIJ2Q48saWfaDQRysB5O_XUm6s,樂見里8號閱覽室,23.9767324,121.6040107,4.9,76.0,,"cafe,restaurant,food,point_of_interest,establishment",中華路144號
花蓮縣,花蓮市,ChIJ9f06UACfaDQRXBE2LJqb3J4,南日咖啡 Namli,23.9751167,121.6045252,4.8,116.0,1.0,"cafe,food,point_of_interest,establishment",仁愛街45號一樓
花蓮縣,花蓮市,ChIJ9Z01cgCfaDQRB0I3BE6JuPM,May café,23.993863,121.5748702,5.0,11.0,,"cafe,store,food,point_of_interest,establishment",建興街29號
花蓮縣,花蓮市,ChIJOblsaYCfaDQRpJDMgIIIgdc,單行道咖啡,23.995457,121.6045173,5.0,833.0,,"cafe,store,food,point_of_interest,establishment",國聯五路250號
花蓮縣,花蓮市,ChIJE0wVu7ifaDQRvDX62zBHDhY,金湯達人咖啡館,23.9828622,121.6046319,4.4,656.0,2.0,"cafe,store,restaurant,food,point_of_interest,establishment",中山路431號
花蓮縣,花蓮市,ChIJFZgsRL6faDQRgXHSKtQ5AwU,黑鯨咖啡館,23.9791206,121.6017576,4.6,216.0,,"cafe,food,point_of_interest,establishment",林森路255-1號
花蓮縣,花蓮市,ChIJDUX2OuOfaDQR4Mt2v_MUBQY,Re:base療域空間,23.9774996,121.6069589,4.9,57.0,,"cafe,food,point_of_interest,establishment",中正路551巷13(21)號2F
花蓮縣,花蓮市,ChIJqxPcQOufaDQRsLADH-UFGUg,木瓜山咖啡,23.969707,121.6037768,4.9,243.0,,"cafe,food,point_of_interest,establishment",中福路17號
花蓮縣,花蓮市,ChIJYUdb17mfaDQRYdNZlNSCWnI,阿莫咖啡 A-more coffee,23.987605,121.6018468,4.7,239.0,,"cafe,food,point_of_interest,establishment",國民一街46號
花蓮縣,花蓮市,ChIJvQ4csd2faDQRxsUFdS9vCkM,PP cake 露天咖啡,23.9755733,121.6096808,4.6,39.0,,"cafe,parking,food,point_of_interest,establishment",福町路成功街口
花蓮縣,花蓮市,ChIJDW7Bn5CfaDQRiIU2jYs9zeQ,想享 ‧ 散步,23.9729648,121.6070363,4.4,112.0,,"cafe,store,restaurant,food,point_of_interest,establishment",福建街370號想享散步
花蓮縣,花蓮市,ChIJSaL4CrOjaDQRs7uhq9BUMpY,Aqua Cafe《水色咖啡》【自家烘焙咖啡】【台灣最好吃的原味鬆餅】假日及連假鬆餅採取預約制（預約遲到視同取消預約）,23.9738509,121.580833,4.8,716.0,2.0,"cafe,store,restaurant,food,point_of_interest,establishment",吉祥七街13號
花蓮縣,花蓮市,ChIJD2xBmnefaDQR56VbfbBZi6w,貓語啡早午餐,23.9724019,121.5803943,4.7,165.0,,"cafe,restaurant,food,point_of_interest,establishment",中山路二段195號
花蓮縣,花蓮市,ChIJqWyp28OfaDQR1gcahCSf1KQ,cama café 花蓮中山店,23.9771542,121.6093639,4.1,160.0,1.0,"cafe,food,point_of_interest,establishment",中山路150號
花蓮縣,花蓮市,ChIJP5c9HQefaDQRHmLgfHikEXs,Légendezo傳說咖啡甜點屋,23.981227,121.6079845,4.6,212.0,2.0,"cafe,food,point_of_interest,establishment",三民街47-1號
花蓮縣,花蓮市,ChIJI4c7sWifaDQReUbpJtiW2aU,實季。Seedson café 花蓮店「無預約訂位，皆以現場候位，忙碌時無法接電話請見諒」,23.9728987,121.6051326,4.8,1143.0,,"cafe,store,restaurant,food,point_of_interest,establishment",成功街145號
花蓮縣,花蓮市,ChIJ5QktjhGfaDQRA_oA-nPCKmc,週六郊區咖啡豆專賣店,23.9882981,121.6225357,4.7,123.0,,"cafe,food,point_of_interest,establishment",民權七街22號
花蓮縣,花蓮市,ChIJb295A7-faDQRkrtxZ6WAimI,三美堂,23.9816692,121.6090728,4.6,67.0,2.0,"cafe,store,restaurant,food,point_of_interest,establishment","b, No. 12號明禮路"
花蓮縣,花蓮市,ChIJ4UIrkoSfaDQR1u7OPyVK8qM,99美式咖啡館,23.9677679,121.5888027,4.3,123.0,2.0,"cafe,food,point_of_interest,establishment",南埔九街8號
花蓮縣,花蓮市,ChIJzzK9XZCfaDQRCxwrSGNmZi0,田園記咖啡,23.9702819,121.5956049,4.7,76.0,,"cafe,food,point_of_interest,establishment",中順街146號 號
花蓮縣,花蓮市,ChIJf868N5ufaDQRXzyQPUAVduo,舊抽屜咖啡,23.9845603,121.607037,4.7,332.0,2.0,"cafe,restaurant,food,point_of_interest,establishment",進豐街22巷15號1樓
花蓮縣,花蓮市,ChIJu2LE7uqfaDQR2IRMRTln9PY,浮室咖啡 soave plan/咖啡/甜點/咖啡豆/下午茶/包場/場租/課程/選物/,23.974248,121.607336,4.7,720.0,2.0,"cafe,food,point_of_interest,establishment",成功街280號1樓
花蓮縣,花蓮市,ChIJf0io4AifaDQRzgQUzdDdKyg,Louisa Coffee 路易莎咖啡(花蓮民國門市),23.9777374,121.6037193,4.1,483.0,,"cafe,food,point_of_interest,establishment",民國路79-3號
花蓮縣,花蓮市,ChIJIYjngsufaDQR5JRp7f2vIgc,AKAI紅菓咖啡花蓮中美店,23.9927799,121.626789,4.8,65.0,,"cafe,store,food,point_of_interest,establishment",中美路113-3號
花蓮縣,花蓮市,ChIJIdpjrDefaDQRZxBgdkXqOAw,小張文青咖啡館,23.979744,121.6050157,4.9,15.0,,"cafe,food,point_of_interest,establishment",光復街97-1號大同街13號對面
花蓮縣,花蓮市,ChIJVTww-k2faDQRsOzAp6ZhX_E,Flavor H 咖啡館Ｘ航特商號古著店,23.9710739,121.6027004,4.7,26.0,,"cafe,grocery_or_supermarket,clothing_store,store,food,point_of_interest,establishment",中福路79號970
花蓮縣,花蓮市,ChIJrYSIfT6faDQRklPRhTAFd98,雨田一二樓,23.9787462,121.5978514,4.8,136.0,,"cafe,bakery,home_goods_store,store,food,point_of_interest,establishment",林榮街74巷2弄2號
花蓮縣,花蓮市,ChIJz17xbK6faDQRxqQauKJLirI,台灣咖啡,23.9956401,121.5928984,3.5,91.0,,"cafe,store,food,point_of_interest,establishment",中央路三段707號
花蓮縣,花蓮市,ChIJI9N6Cm-faDQRWqUWWXbVlyU,烘豆廊 COFFEE BEANS GALLERY,23.9697425,121.5990045,4.9,409.0,,"cafe,store,food,point_of_interest,establishment",中原路400號
花蓮縣,花蓮市,ChIJwzxWBsGfaDQRbsjeXo0FGjA,羅伯咖啡中正門市,23.9785171,121.6088801,4.2,126.0,1.0,"cafe,store,food,point_of_interest,establishment",中正路595號
花蓮縣,花蓮市,ChIJGzXAslOfaDQRK-B1VeDdtgc,想你電台,23.9780619,121.6024732,4.6,193.0,,"cafe,store,food,point_of_interest,establishment",仁愛街102巷1號
雲林縣,斗六市,ChIJP35xc-TJbjQRTOA4AakeHIE,MOKA,23.70222,120.532458,4.9,146.0,,"cafe,restaurant,food,point_of_interest,store,establishment",中堅西路686號
雲林縣,斗六市,ChIJG0bwYADJbjQRTe1ee-kRkSY,咖啡伴 Caffebene 雲林斗六店,23.709522,120.5425118,4.7,22.0,,"cafe,food,point_of_interest,store,establishment",太平路73號一 樓
雲林縣,斗六市,ChIJYel6DgLJbjQRKsU2yTi12FA,江鳥咖啡- 斗六中華店,23.7084891,120.5437,4.7,352.0,,"cafe,food,point_of_interest,store,establishment",中華路82號
雲林縣,斗六市,ChIJqUtEWQDJbjQRH423Vaeig3A,仁德咖啡Rende_Café(公休日以IG/FB爲主喲！）,23.7072919,120.540964,4.8,52.0,,"cafe,food,point_of_interest,store,establishment",太平路187號
雲林縣,斗六市,ChIJU1pWRT63bjQRUAbjw9FBzHE,Homi House 咖啡,23.6909112,120.5272574,5.0,140.0,,"cafe,food,point_of_interest,establishment",龍潭路No. 40號
雲林縣,斗六市,ChIJi2UuLgPIbjQRU-p2VBB3TWA,原域咖啡-雲科二店,23.6923839,120.5313658,4.7,434.0,1.0,"cafe,food,point_of_interest,establishment",龍潭路3-1 號
雲林縣,斗六市,ChIJqR3dcaLJbjQRrnpx_kdteig,一隻鴨咖啡館,23.7069827,120.5402268,4.9,13.0,,"cafe,food,point_of_interest,store,establishment",中山路133號
雲林縣,斗六市,ChIJj5RtaADJbjQRS2K6xahpCE0,STARBUCKS 星巴克 (斗六明德門市),23.7153599,120.5351599,4.3,51.0,,"cafe,food,point_of_interest,store,establishment",明德北路二段348號
雲林縣,斗六市,ChIJi0HY9JDJbjQR-2yUMkvAgcw,同咖啡ToneCoffee,23.7000185,120.5368634,5.0,186.0,,"cafe,food,point_of_interest,store,establishment",民生南路238號
雲林縣,斗六市,ChIJwSymffTJbjQRtecXlcIPhz8,默默咖啡-斗六旗艦店,23.7141809,120.5430371,4.8,127.0,,"cafe,food,point_of_interest,establishment",鎮北路93之1號
雲林縣,斗六市,ChIJebaFpOK3bjQR3Jo8SGryeiQ,感覺咖啡249號,23.6948719,120.5270958,4.3,23.0,,"cafe,food,point_of_interest,store,establishment",大學路三段249號
雲林縣,斗六市,ChIJn-oXMYLJbjQR_afW-NAU7qs,鶴カフェー (鶴咖啡),23.7061458,120.5487245,4.9,44.0,,"cafe,food,point_of_interest,store,establishment",內環路512號
雲林縣,斗六市,ChIJ3dxHyHzJbjQRiQLXXxp0dMY,江鳥咖啡-斗六明德門市,23.6982579,120.5377818,4.9,240.0,,"cafe,food,point_of_interest,establishment",明德路91號
雲林縣,斗六市,ChIJr9TfQbrJbjQRtGLbx_eXPL8,喬味馨精品咖啡,23.691012,120.5384433,5.0,16.0,,"cafe,bakery,food,point_of_interest,store,establishment",仁義路3-10號
雲林縣,斗六市,ChIJSeKpjkjJbjQRdYDckquLKg8,OHEY CAFÉ,23.7032308,120.5370866,4.6,331.0,2.0,"cafe,food,point_of_interest,establishment",民生南路103號
雲林縣,斗六市,ChIJTVYLOALJbjQR8QG3NWfpvUM,蠻香咖啡Olentia coffee,23.7047596,120.533584,4.8,92.0,,"cafe,food,point_of_interest,establishment",雲林路二段110號
雲林縣,斗六市,ChIJiV2KRDvIbjQRQtYg3ycZdjE,M2咖啡烘焙館,23.7074754,120.5405197,4.3,302.0,,"cafe,food,point_of_interest,establishment",中山路119號
雲林縣,斗六市,ChIJBb55JGXJbjQRtRLSdchdF3A,新篇章咖啡 Next Chapter｜有免費特約停車場,23.7028094,120.5537406,4.8,209.0,,"cafe,food,point_of_interest,store,establishment",成功路382號
雲林縣,斗六市,ChIJDToCXb7JbjQRebRpgTswCL4,Louisa Coffee 路易莎咖啡 (斗六中堅店),23.7007076,120.5351957,3.9,275.0,2.0,"cafe,food,point_of_interest,establishment",中堅西路533號1樓
雲林縣,斗六市,ChIJh_-cojbJbjQR89Y0KDyjJlY,CONO COFFEE 古濃功夫咖啡,23.7144188,120.5398966,,,,"cafe,food,point_of_interest,establishment",南京路371號
雲林縣,斗六市,ChIJH5NxTDvIbjQRC5DCz6KVV9I,雲林100碗(凹凸咖啡館),23.708241,120.539667,4.2,1159.0,2.0,"cafe,food,point_of_interest,establishment",雲中街9巷12號
雲林縣,斗六市,ChIJNyeJSgPIbjQRCdvJTcwP0O4,幸福珈琲館 (幸せ Café),23.6927486,120.5325324,4.5,146.0,1.0,"cafe,food,point_of_interest,establishment",龍潭路1-31號
雲林縣,斗六市,ChIJCQQpSjvIbjQRdqA5pAviXbw,Mr. Lobby Coffee Roaster（大堂咖啡企業社）,23.7054879,120.542246,4.8,381.0,,"cafe,food,point_of_interest,establishment",府前街117號
雲林縣,斗六市,ChIJK46eP3fJbjQRK5zi7QWMy7c,Wei 咖啡,23.6974912,120.5418701,4.6,81.0,,"cafe,food,point_of_interest,establishment",640雲林縣斗六市
雲林縣,斗六市,ChIJ5Rsnu0nIbjQRX2qNCIawpRo,Maimenla Café,23.7132044,120.5530089,4.8,203.0,2.0,"cafe,food,point_of_interest,establishment",警民街38-1號
雲林縣,斗六市,ChIJmYv4DpXJbjQR0DY8wmwVKWM,霍姆斯庫咖啡館｜斗六不限時友善空間｜司康｜提拉米蘇｜手作甜點,23.7131458,120.5424421,4.9,80.0,,"cafe,restaurant,food,store,point_of_interest,establishment",武昌路158號
雲林縣,斗六市,ChIJ4UqGEjrIbjQROdCq2npusoc,騷咖啡,23.7111768,120.5439015,4.5,548.0,2.0,"cafe,food,point_of_interest,establishment",文化路15號
雲林縣,斗六市,ChIJnYAsAgXIbjQR9ThZ4Ll2oU0,卡璐佶 雲科大店,23.6920394,120.5334719,4.1,804.0,2.0,"cafe,food,point_of_interest,establishment",大學路三段123號
雲林縣,斗六市,ChIJXdCvxDvIbjQR_iHhjWPbqJU,桔橙咖啡 中堅西路店,23.700581,120.5355417,4.5,52.0,,"cafe,food,point_of_interest,establishment",中堅西路521號1樓
雲林縣,斗六市,ChIJ9Q902hbIbjQREC5T99650rw,真咖啡,23.6942013,120.5438432,4.4,74.0,,"cafe,restaurant,food,point_of_interest,establishment",鎮南路600號
雲林縣,斗六市,ChIJUyXXO33JbjQRLWbsCb8uJUs,低头厝咖啡（營業日以臉書&IG公告為主）,23.7102468,120.551299,4.9,100.0,,"cafe,food,point_of_interest,establishment",文德街37號
雲林縣,斗六市,ChIJpcjSLUbJbjQRmrhTw9YiO5I,小戶冊咖啡（公休日請看貼文哦）,23.7094274,120.5481447,4.8,222.0,,"cafe,food,store,point_of_interest,establishment",大同路216號
雲林縣,斗六市,ChIJeWXqIC_JbjQR4ajABTKxAOk,舒院·私宅咖啡,23.6935858,120.5297355,4.9,101.0,,"cafe,food,point_of_interest,establishment",四維路56號
雲林縣,斗六市,ChIJpz2jaIrJbjQR_QDDEclgPKQ,花囍烘焙坊 Hua Xi Bakery,23.6964977,120.5398191,4.7,285.0,2.0,"cafe,bakery,gym,health,restaurant,food,store,point_of_interest,establishment",新昌街18號
雲林縣,斗六市,ChIJ5Q8fbP3JbjQRZBJlWgjqsP0,OASES,23.7066298,120.5368537,4.9,72.0,,"cafe,food,store,point_of_interest,establishment",民生南路6號3樓
雲林縣,斗六市,ChIJr32IZUa3bjQRlg9xNrBH2GI,CAFE!N 硬咖啡 雲林斗六門市,23.6985015,120.5278983,,,,"cafe,food,point_of_interest,establishment",公園路62號
雲林縣,斗六市,ChIJS5AQXnXJbjQRNUSMUp69yTM,上呂丹咖啡 - LUDAN Coffee Roast(營業時間如有異動依FB、IG為主),23.7051567,120.5382661,4.9,104.0,,"cafe,food,point_of_interest,establishment",九如街26號
雲林縣,斗六市,ChIJ60Qi-R3IbjQR7DqTinWNAbs,紅果精品咖啡,23.6989507,120.5275414,4.6,139.0,2.0,"cafe,food,store,point_of_interest,establishment",府文路19-6號
雲林縣,斗六市,ChIJ70_KWhzIbjQRxpYPkns8qfo,山嵐義式咖啡,23.6979346,120.5316144,5.0,2.0,,"cafe,food,point_of_interest,establishment",公明路41號640斗六人文市集內
雲林縣,斗六市,ChIJnQllRavJbjQRnO7Hmt9ZUKo,以諾咖啡,23.7095305,120.5443071,5.0,25.0,,"cafe,food,point_of_interest,establishment",大同路104號
雲林縣,斗六市,ChIJzcqqpUrJbjQRLoFEqzQ-Hv0,珈琲之森雲柚館-野菜火鍋、簡餐、下午茶,23.7013169,120.5366963,4.8,137.0,,"restaurant,cafe,food,point_of_interest,establishment",民生南路200號
雲林縣,斗六市,ChIJlYod0OvJbjQRrzXTAQw2Uhk,初茉制甜室,23.7054893,120.5420218,4.7,162.0,,"cafe,food,point_of_interest,store,establishment",府前街109號
雲林縣,斗六市,ChIJz4JSjtPJbjQRIBAupMBmRk0,多那之斗六民生門市,23.7019992,120.5368774,4.3,461.0,2.0,"cafe,food,point_of_interest,store,establishment",民生南路192號
雲林縣,斗六市,ChIJ9Uj7QtPJbjQRijVLp-mKltI,聽說HearMe咖啡沙龍,23.7040415,120.5454654,4.8,5.0,,"cafe,food,point_of_interest,store,establishment",中民街21號
雲林縣,斗六市,ChIJr1wvRADJbjQRabbNNbQtVrU,NEXT CHAPTER 新篇章咖啡,23.6935999,120.5344405,4.4,5.0,,"cafe,food,point_of_interest,store,establishment",大學路三段123號
高雄市,苓雅區,ChIJYf95AwAFbjQRf8HYEAGPtg4,獺咖啡 武廟店（訂位不做保留，建議提早到）,22.6313263,120.3287741,4.8,410.0,,"cafe,food,point_of_interest,store,establishment",武廟路126巷8號
高雄市,苓雅區,ChIJ1ZNsxJkEbjQRPEYqs2t8Lac,14克咖啡 直火焙煎,22.6144118,120.2990562,4.9,439.0,1.0,"cafe,bakery,food,point_of_interest,store,establishment",自強三路53巷6號
高雄市,苓雅區,ChIJ5d-zR8cFbjQRMPBbgzCBJEI,KAHWAH CAFE｜早午餐｜咖啡｜甜點｜（早午餐供應至18:00）,22.6210214,120.3265218,4.8,259.0,2.0,"cafe,restaurant,food,point_of_interest,store,establishment",三多二路43號
高雄市,苓雅區,ChIJfcVuzZAEbjQRA4Ty9R7xv14,my cofi,22.6257039,120.3141808,4.8,598.0,2.0,"cafe,food,point_of_interest,store,establishment",廈門街19號
高雄市,苓雅區,ChIJ916Pti0FbjQRZD7D55UV1qU,卡啡那 文化探索館,22.6257995,120.3171704,4.1,1690.0,2.0,"cafe,bakery,food,point_of_interest,store,establishment",五福一路67號西苑
高雄市,苓雅區,ChIJw0QoerkFbjQRE13CUHmJeDg,SPACE 民享店,22.6220953,120.3053356,4.7,125.0,,"cafe,food,point_of_interest,establishment",民享街88號
高雄市,苓雅區,ChIJywauPGUDbjQR_1C-8pHCmlM,Awake coffee有為咖啡館 高雄美食 聚餐好所在,22.605399,120.310079,4.5,613.0,2.0,"cafe,restaurant,food,point_of_interest,store,establishment",民豐街24號
高雄市,苓雅區,ChIJRTeCGEMFbjQRDVOSz9T7eSo,金錨咖啡 Gold anchor coffee | 外帶手沖咖啡 | 只有手沖 | 冷萃不用等 | 文化中心咖啡館,22.631002,120.315221,4.8,168.0,1.0,"cafe,food,point_of_interest,store,establishment",尚義街113號
高雄市,苓雅區,ChIJZ62b4CIFbjQRecuEfJhk-v4,獺咖啡 市府店,22.6209179,120.3103076,4.8,182.0,1.0,"cafe,food,point_of_interest,establishment",苓雅一路205之2號
高雄市,苓雅區,ChIJ6ZxBT4IEbjQRhLkt6Hd2kjA,路人咖啡1號店-高雄苓雅區咖啡廳 義式/手沖/冰滴/黑咖啡/冷萃 精品咖啡豆/禮盒/濾掛式咖啡 免費WiFi/插座/充電/寵物友善 辦公/讀書/工作 2025人氣熱門推薦 PTT Dcard,22.6172492,120.3050725,4.7,867.0,1.0,"cafe,restaurant,food,point_of_interest,store,establishment",四維三路217號
高雄市,苓雅區,ChIJJx3r3EwFbjQR0uzR73FWsD0,Viter Cafe 維特咖啡,22.6273911,120.3298343,4.9,186.0,,"cafe,food,point_of_interest,establishment",中正一路121巷6弄54號
高雄市,苓雅區,ChIJiRFRM0IFbjQRHEjHh39sDmQ,若生靜巷咖啡,22.6155211,120.3168692,4.4,909.0,2.0,"cafe,food,point_of_interest,store,establishment",桂林街58巷8號
高雄市,苓雅區,ChIJYZHoCsUFbjQR2PQxCcL_zu0,MINI.D COFFEE 復興館,22.6162785,120.3119889,4.5,625.0,2.0,"cafe,food,point_of_interest,store,establishment",三多三路81號
高雄市,苓雅區,ChIJY6w5TQADbjQR29UpMlV9ZSI,芯蓮芯複合餐飲養生咖啡館☕️Xin Lotus Xin Coffee & LOVE KINDNESS,22.6142497,120.3014437,5.0,2.0,,"cafe,food,point_of_interest,store,establishment",中華四路71號1樓☕️🍰🍲
高雄市,苓雅區,ChIJ8wIVD50FbjQRuiGWVaU7puU,MAY 16 CAFE,22.6178902,120.295444,4.9,155.0,,"cafe,food,point_of_interest,store,establishment",青年二路198號
高雄市,苓雅區,ChIJTxvsEpkEbjQRkQd2VViTIog,Around Cafe 流浪咖啡（週五、六 營業至21：00）,22.6201181,120.316242,4.7,367.0,2.0,"cafe,food,point_of_interest,establishment",福建街66號
高雄市,苓雅區,ChIJSTp9wWAFbjQR1Zs-Xvxi4zM,巴索托咖啡館Bassotto Caffè （沒有訂位，不要再打來訂位了，也沒有賣披薩）,22.6259536,120.3161848,4.2,604.0,,"cafe,food,point_of_interest,store,establishment",林南街6號
高雄市,苓雅區,ChIJ8yTNsvUFbjQRLHsJQHiJnRs,吉拉德咖啡 Gerard café｜場地租借｜wifi 插座｜辦公商談,22.6384421,120.301338,4.9,210.0,,"cafe,food,point_of_interest,store,establishment",建國三路2-2號1樓
高雄市,苓雅區,ChIJRxkzsaIPbjQR3aLaY9sxcZs,墨門珈琲 Moment Coffee (內用時間到18:30),22.6324191,120.3122373,4.6,149.0,,"cafe,food,point_of_interest,store,establishment",六合一路20號1樓
高雄市,苓雅區,ChIJcTSbSpQEbjQRVy7WwwEfDFI,步道咖啡館 Cafe Strada,22.6309973,120.3001453,4.4,1701.0,2.0,"cafe,food,point_of_interest,establishment",中正四路44號
高雄市,苓雅區,ChIJY4ISv0wFbjQRn5gJIoy12yQ,咖啡預備備 Get Set Co.,22.6290317,120.3181499,4.6,106.0,,"cafe,food,point_of_interest,establishment",五福一路2號1樓
高雄市,苓雅區,ChIJWzOE2GUFbjQR5l4xi99kWMY,所以咖啡（SUOYI COFFEE)-新田店,22.6229176,120.3059319,4.9,28.0,,"cafe,store,food,point_of_interest,establishment",新田路87號
高雄市,苓雅區,ChIJde5-RcUFbjQR7PIBeLYpi24,米捌咖啡3.0,22.6428573,120.3305763,4.9,24.0,,"cafe,store,food,point_of_interest,establishment",正忠路148號珍珍臭豆腐後面（市場裡面
高雄市,苓雅區,ChIJI3djlxwFbjQRIKIatIeqaQQ,續 咖啡Tsuzuki Coffee,22.6257114,120.3019541,4.7,161.0,,"cafe,food,point_of_interest,establishment",玉竹一街20巷9號
高雄市,苓雅區,ChIJ98BTtpoDbjQR4cpJd4kLc-k,GOR’Coffee& Pâtisserie 法式烘焙輕食咖啡 台塑中山門市,22.6038722,120.3092988,4.6,232.0,,"bakery,cafe,store,food,point_of_interest,establishment",中山三路39號
高雄市,苓雅區,ChIJA4FzwnQDbjQRpggAqNGsSC0,杯咖啡豆行 Bikafe Coffee Shop,22.6094898,120.3069815,4.9,107.0,,"cafe,food,point_of_interest,establishment",中山二路66巷9弄2號
高雄市,苓雅區,ChIJA_ife9IFbjQRDitqHMs04CY,餘地Coffee Room(休假日請看IG、FB貼文）,22.6299013,120.3137933,4.5,321.0,,"cafe,store,food,point_of_interest,establishment",民族二路4巷12號
高雄市,苓雅區,ChIJZSWf3DYFbjQRYFs8X2dqwbk,隅.光 (Lighting Coffee),22.6256491,120.297998,4.9,42.0,,"cafe,store,food,point_of_interest,establishment",民生二路39號
高雄市,苓雅區,ChIJYfgYya0FbjQRw-RAGHFopQM,"咖啡足矣 Coffee Serenity（假日•連假•無訂位,皆以現場候位）",22.6300252,120.3122078,4.9,571.0,,"cafe,store,food,point_of_interest,establishment",渤海街26號
高雄市,苓雅區,ChIJwVvUeLgDbjQRCnVEngkfhuY,851227港景咖啡廳,22.6114147,120.3005177,4.5,106.0,,"cafe,store,food,point_of_interest,establishment",自強三路3號12樓之27
高雄市,苓雅區,ChIJGSh_yR0FbjQRpHyHWWhn_6E,Amapola Cafe 阿瑪玻拉咖啡館,22.641467,120.3004827,4.9,121.0,,"cafe,food,point_of_interest,establishment",九如二路412號
高雄市,苓雅區,ChIJXb3rbf0FbjQRcpOBz3tA6k4,Beetle Tree Café 金龜樹咖啡（恕不接待10歲以下嬰幼童）,22.6349721,120.3255579,4.7,285.0,,"cafe,restaurant,food,point_of_interest,establishment",樂善街53號
高雄市,苓雅區,ChIJAxL2X9YDbjQRSU-U-TVCRAM,Louisa Coffee 路易莎咖啡(高雄一心門市),22.6109404,120.3110946,4.1,451.0,,"cafe,store,food,point_of_interest,establishment",一心二路39號
高雄市,苓雅區,ChIJmfyWgoEEbjQRw9SD1NbEXj8,Cafe自然醒,22.6181941,120.3023352,4.4,538.0,2.0,"cafe,restaurant,food,point_of_interest,establishment",中山二路463號
高雄市,苓雅區,ChIJH84gKYgEbjQRm8xsvOZ5rKM,草圖自家烘焙咖啡館 Sketch cafe & Roastery.,22.6296751,120.2972473,4.6,424.0,2.0,"cafe,store,food,point_of_interest,establishment",中正四路111號
高雄市,苓雅區,ChIJJaet830EbjQRuhFrz3M8GxU,內向咖啡館InLane,22.6318686,120.2890383,4.6,257.0,2.0,"cafe,food,point_of_interest,establishment",市中一路268號
高雄市,苓雅區,ChIJ4wWufsIFbjQRR-iApE7y7xc,二木咖啡 FUTAGI COFFEE ROASTER,22.6428952,120.3126328,4.5,636.0,1.0,"cafe,store,food,point_of_interest,establishment",孝順街71號
高雄市,苓雅區,ChIJf_9bZ_cFbjQR8c2hfOVGIb4,路人咖啡4號店,22.6316688,120.3022231,4.5,135.0,,"cafe,store,food,point_of_interest,establishment",中山一路115號美麗島捷運站711斜對面B1
高雄市,苓雅區,ChIJ93g1QuYFbjQRg3QavyVaflA,十獨十合女僕咖啡廳20PieceMaidCafe,22.6220472,120.2970954,4.9,149.0,,"cafe,store,food,point_of_interest,establishment",五福三路58號2樓
高雄市,苓雅區,ChIJ4Zd2k1gFbjQRJ6b2UasMs0c,伊瓦爾咖啡館（Yvoire),22.6190036,120.3083233,4.9,255.0,2.0,"cafe,restaurant,food,point_of_interest,establishment",四維三路136號
高雄市,苓雅區,ChIJZWb-jJkEbjQRHpBilXvX8IA,維那奇 Vivace 咖啡店,22.6180861,120.3121181,4.2,913.0,2.0,"cafe,restaurant,food,point_of_interest,store,establishment",興中一路207號
高雄市,苓雅區,ChIJW4QndwIDbjQR7nZNtpMMQyM,路人咖啡8號店,22.6115406,120.3043769,4.5,118.0,,"cafe,food,point_of_interest,store,establishment",新光路17號
高雄市,苓雅區,ChIJQY3WZIsFbjQRleml25GDDTw,客美多咖啡 (高雄大立店),22.6217962,120.2977565,4.1,1561.0,2.0,"cafe,food,point_of_interest,establishment",五福三路59號目前尚無訂位服務
高雄市,苓雅區,ChIJ0SACk_oFbjQRz_naC4KLpaE,咖啡覺醒 中山店,22.6213769,120.3013617,4.3,1373.0,2.0,"cafe,restaurant,food,point_of_interest,store,establishment",中山二路547號
高雄市,苓雅區,ChIJt5XpErgFbjQRYvHFFPwqq_o,心流逸境教育平台(附設咖啡館)─即日起僅接受包場預約,22.637981,120.3054315,4.9,290.0,,"cafe,food,point_of_interest,store,establishment",忠孝一路491巷37號
高雄市,苓雅區,ChIJO-SFqJAEbjQRNxPOSiSRL20,咖啡鳥Café | 苓雅區 健康溫蔬食餐&午餐餐盒,22.6242957,120.314021,4.4,391.0,2.0,"cafe,bakery,restaurant,food,point_of_interest,store,establishment",青年一路24號
高雄市,苓雅區,ChIJHTWHW4YEbjQR2qEgimd0kFs,CRAFT cafe',22.6243286,120.3016016,4.2,125.0,2.0,"cafe,restaurant,food,point_of_interest,establishment",中山一路4號
高雄市,苓雅區,ChIJx1K0LkgFbjQRlDYMjmt2BDU,烘豆房咖啡 民族中正店,22.6312159,120.3129923,4.6,107.0,,"cafe,food,point_of_interest,store,establishment",民族二路59號
高雄市,苓雅區,ChIJf9pdNS8FbjQRJaePEgcfZFI,訪.玩咖啡 三多興中店,22.6164121,120.3064385,4.8,53.0,,"cafe,food,point_of_interest,establishment",興中一路266號
高雄市,苓雅區,ChIJGTp2rHkEbjQR1PA-uneBDSM,友加友咖啡店,22.6214099,120.288249,4.7,40.0,,"cafe,food,point_of_interest,establishment",五福四路34號
高雄市,苓雅區,ChIJaSt9fXcDbjQR54rqvyNC4TY,LA ONE café 咖啡輕食 - 成功店,22.6044035,120.3009748,4.3,759.0,2.0,"restaurant,cafe,bakery,food,point_of_interest,store,establishment",成功二路11號
高雄市,苓雅區,ChIJbyYtDH0DbjQRZ6RT5M1Pwgo,多那之高雄一心門市,22.6132115,120.3065936,3.9,900.0,2.0,"cafe,bakery,food,point_of_interest,store,establishment",一心二路206號
高雄市,苓雅區,ChIJm2pkI2MEbjQRUXKWum9E7vQ,光‧咖啡10號店,22.6292478,120.2939072,4.4,128.0,,"cafe,food,point_of_interest,establishment",自強一路10號
高雄市,苓雅區,ChIJ45RFfpcEbjQRawKDLO8iGsk,星伴咖啡,22.6322548,120.3021764,4.3,575.0,2.0,"cafe,restaurant,food,point_of_interest,store,establishment",中山一路154號
高雄市,苓雅區,ChIJQZdRgMAEbjQRSTa3NxLAHTw,街頭咖啡 Street Cafe 建國大順店 苓雅區 咖啡,22.6329093,120.3235136,4.6,59.0,1.0,"cafe,food,point_of_interest,establishment",建國一路201號
高雄市,苓雅區,ChIJbVdSvJMEbjQR0xOUPcVC6uw,季洋莊園咖啡隨行吧民族店,22.6313188,120.3129885,4.3,383.0,1.0,"cafe,restaurant,food,point_of_interest,store,establishment",民族二路65-1號
高雄市,苓雅區,ChIJ8eKVepoFbjQRXgmJQZKg0b0,(無訂位僅收現金)(10/20、28 closed) 程式咖啡 Formula Coffee Roaster,22.644895,120.302016,4.7,616.0,2.0,"cafe,food,point_of_interest,store,establishment",重慶街117號
高雄市,苓雅區,ChIJB44dB3wEbjQRgeOBGmFe3xI,二元咖啡館,22.6237635,120.2917382,4.2,818.0,2.0,"cafe,food,point_of_interest,establishment",民生二路201-1號
高雄市,苓雅區,ChIJP_EOrO8EbjQRHjtmiodt15s,HWC 黑沃咖啡 | 高雄高醫店,22.644648,120.311246,4.8,375.0,2.0,"cafe,food,point_of_interest,establishment",十全一路73號
高雄市,苓雅區,ChIJgXY7j2MDbjQR7SbmYuKFZ9o,原物咖啡民權店,22.60867,120.3127483,4.4,110.0,,"cafe,food,point_of_interest,establishment",民權二路354號
高雄市,鼓山區,ChIJUTnlZxcFbjQRSSNqQAr0X9Y,阡陌一舍 UNS（Café·Cakery）甜點｜咖啡｜深夜咖啡店｜伴手禮,22.6215333,120.2816697,4.9,340.0,,"cafe,food,point_of_interest,establishment",堀江街25號
高雄市,鼓山區,ChIJgyCoUlgFbjQRkcSxqPnoGuw,FIX COFFEE,22.6508894,120.3052678,4.8,134.0,,"cafe,food,store,point_of_interest,establishment",北安街90號
高雄市,鼓山區,ChIJsQ1Ev5IFbjQRuitTcUqGZVI,著著咖啡 The The CAFÉ（不提供訂位）-鼓山特色咖啡廳|網美下午茶|美術館人氣咖啡|網美咖啡廳|熱門咖啡廳|輕食餐廳|咖啡廳推薦|不限時咖啡廳,22.6544118,120.2935896,4.3,334.0,,"cafe,restaurant,food,store,point_of_interest,establishment",美術館路1號
高雄市,鼓山區,ChIJgcLVcFAEbjQR07mcu9Bb1PM,卡啡那 美術館,22.6512528,120.2876702,4.3,4994.0,2.0,"cafe,bakery,food,store,point_of_interest,establishment",美術東二路3號
高雄市,鼓山區,ChIJZVwiX34FbjQR881GtfrK1Yo,有個故事咖啡 The Story coffee,22.6586951,120.2951614,5.0,311.0,,"cafe,food,store,point_of_interest,establishment",美術東五路29號1樓
高雄市,鼓山區,ChIJ3fV_mZUFbjQRf6Gv5SlHFPM,客美多咖啡 Komeda‘s Coffee - 高雄美術館店,22.6516892,120.2862651,4.4,335.0,,"cafe,food,store,point_of_interest,establishment",青海路300號平日可訂位
高雄市,鼓山區,ChIJvclaz2kFbjQR8CsE4RfkF9g,咪咪貓精品咖啡/店休請參考 Instagram 限時動態,22.6434516,120.2978052,4.9,34.0,,"cafe,home_goods_store,food,store,point_of_interest,establishment",遼寧二街188巷8號
高雄市,鼓山區,ChIJTVobtPUDbjQR_ann5LQe_9M,握咖啡西子灣店(總店),22.6200206,120.2702696,4.6,451.0,1.0,"cafe,food,point_of_interest,establishment",濱海二路5號
高雄市,鼓山區,ChIJd4ruDysFbjQRG5lTA4t_bnI,回家咖啡Home coffee,22.6485231,120.301296,5.0,115.0,,"cafe,food,store,point_of_interest,establishment",天津街258號
高雄市,鼓山區,ChIJiwiG5FgFbjQRT5AWeZVThDg,亨利來咖啡館,22.6230958,120.2710658,5.0,85.0,,"cafe,food,point_of_interest,establishment",長安街29-4號
高雄市,鼓山區,ChIJWwGHKAoFbjQRn7oD1qSYRaE,成真咖啡Come True Coffee高雄義享店,22.6558648,120.3062459,4.8,1927.0,,"cafe,food,point_of_interest,establishment",大順一路115號4樓
高雄市,鼓山區,ChIJ8ZcpmNUFbjQRfAaK5LU2t3Q,Cuiqu Coffee奎克咖啡 高雄義享店,22.6564553,120.3064447,4.6,1275.0,,"cafe,food,store,point_of_interest,establishment",大順一路115號3樓
高雄市,鼓山區,ChIJs7AFkIIFbjQRnXvy60Iomyc,咖啡覺醒 美術店,22.653565,120.2856954,4.2,662.0,2.0,"cafe,bakery,restaurant,food,store,point_of_interest,establishment",美術南三路220號
高雄市,鼓山區,ChIJE6ixfjEFbjQREzmgSGh7ElI,路人咖啡3號店-高雄三民區咖啡廳 義式/手沖/冰滴/黑咖啡/冷萃 精品咖啡豆/禮盒/濾掛式咖啡 免費WiFi/插座/充電/寵物友善 辦公/讀書/工作 2025人氣熱門推薦 PTT Dcard,22.6489909,120.3011058,4.5,722.0,,"cafe,food,store,point_of_interest,establishment",天津街253號
高雄市,鼓山區,ChIJEet8z-4FbjQRtpCUJJTd0Nc,MINI.D COFFEE 至聖館,22.6597156,120.3052708,4.5,874.0,1.0,"cafe,food,point_of_interest,establishment",至聖路250號
高雄市,鼓山區,ChIJWxTGvnUEbjQROeYcaILS2sc,艾奇諾咖啡,22.6223378,120.278422,4.6,269.0,2.0,"cafe,food,point_of_interest,establishment",建國四路41號
高雄市,鼓山區,ChIJ3VIJWAMFbjQR7Xt8adXUafs,lil chamb coffee,22.6197314,120.2956945,4.9,212.0,,"cafe,food,store,point_of_interest,establishment",成功一路268-1號
高雄市,鼓山區,ChIJ0dLMXZYFbjQR6n0_eoERfvg,一等一咖啡茶飲,22.6236248,120.2802095,4.8,251.0,,"cafe,food,point_of_interest,establishment",新興街28之1號
高雄市,鼓山區,ChIJlxvH7KQFbjQROwnj2o24H_w,ALIEN All Day Lounge 金馬咖啡廳-Cafe & Shop,22.6277249,120.2788415,4.8,475.0,,"cafe,restaurant,food,store,point_of_interest,establishment",鼓山一路111號2F
高雄市,鼓山區,ChIJzTPfnUwFbjQRrmxskiI-Iz0,啡嚐不可青年咖啡,22.6571947,120.3046441,5.0,71.0,,"cafe,food,point_of_interest,establishment",富民路13巷16號
高雄市,鼓山區,ChIJ__4y2OgFbjQRbdO85fZwlqY,真心豆行-苓雅總店,22.6190905,120.3043682,4.6,375.0,,"cafe,food,point_of_interest,establishment",苓雅一路404-8號
高雄市,鼓山區,ChIJoy7IgOcFbjQRf6xF3vU0_NA,好不咖啡美麗島,22.6316688,120.3022231,4.3,163.0,2.0,"cafe,food,point_of_interest,establishment",中山一路115號捷運美麗島站B1
高雄市,鼓山區,ChIJ-Wgg8FsFbjQRxp6pf5FbfOs,慢活日嚐咖啡店,22.6222062,120.272943,4.8,106.0,,"cafe,food,store,point_of_interest,establishment",臨海二路23-1號
高雄市,鼓山區,ChIJ2ZsFYTgFbjQR4vQfh_hOpkQ,魯克思咖啡,22.6600071,120.3039972,4.3,1101.0,2.0,"cafe,restaurant,food,point_of_interest,establishment",修明街166號
高雄市,鼓山區,ChIJsaRgcxsWaTQRmSXv-K68AR4,好日子咖啡 DAY / CAFE,22.6490308,120.3042952,4.7,70.0,,"cafe,food,point_of_interest,establishment",松江街351號
高雄市,鼓山區,ChIJRzlGoWIFbjQR7D1v5-qWVDg,8C Origin Coffee駁二店,22.6208407,120.280449,4.5,99.0,,"cafe,store,food,point_of_interest,establishment",瀨南街8號
高雄市,鼓山區,ChIJXXm0KvoEbjQRH769_OeLBYM,吾家咖啡館,22.6504303,120.3032337,4.2,45.0,1.0,"cafe,food,point_of_interest,establishment",博愛一路353號
高雄市,鼓山區,ChIJKcrigvMFbjQRigNfI4T7DeE,AROSA COFFEE阿洛薩手工烘焙咖啡-左營明誠店,22.6610176,120.3040548,4.5,208.0,,"cafe,food,point_of_interest,establishment",明誠二路539號
高雄市,鼓山區,ChIJsQd1JQ4FbjQRwdSouzkbO84,Kingmauii 金茂宜咖啡 美術店,22.6587404,120.2932287,4.7,2934.0,2.0,"cafe,food,point_of_interest,establishment",美術東五路75號
高雄市,鼓山區,ChIJqUD2-pwFbjQRj_cCLV8IDWI,Woo LAI COFFEE無賴咖啡(自強吧)/高雄咖啡/coffee/高雄外帶咖啡/高雄茶飲/附近咖啡/高雄義式咖啡,22.6192921,120.2975255,5.0,43.0,,"cafe,store,food,point_of_interest,establishment",自強三路215號
高雄市,鼓山區,ChIJXaM6dXYEbjQRlGc_pto95xg,Do good coffee & dessert,22.6217169,120.2801612,4.6,533.0,2.0,"cafe,store,food,point_of_interest,establishment",必信街116-1號
高雄市,鼓山區,ChIJnZBcI80FbjQRG8mqIGHnfTk,CAMA CAFE 左營大順店 咖啡.cafe,22.6564013,120.3036364,4.8,105.0,1.0,"cafe,meal_delivery,food,point_of_interest,establishment",大順一路550號
高雄市,鼓山區,ChIJuaayRZEFbjQR-WY434pnDwE,講半波 咖啡輕食,22.6501549,120.2952362,4.4,165.0,,"cafe,store,food,point_of_interest,establishment",同盟二路217號展一廳
高雄市,鼓山區,ChIJm9JWUk0DbjQRXNUAe6T1mZM,SUN SUN 山山咖啡(無訂位，僅接待4位以下),22.6158664,120.2953172,4.7,267.0,,"cafe,restaurant,food,point_of_interest,establishment",苓雅二路241號
高雄市,鼓山區,ChIJLeOij54FbjQRTxuQTHkQ-RU,Un Bon cafe,22.6557249,120.302143,4.8,302.0,2.0,"cafe,food,point_of_interest,establishment",大順一路461號
高雄市,鼓山區,ChIJ7YR6-IsEbjQR4ZMgyNvyUDo,綠波咖啡館,22.632227,120.303139,4.4,365.0,1.0,"cafe,store,food,point_of_interest,establishment",南華路89號
高雄市,鼓山區,ChIJ9eBF51sEbjQR9E77p9BpDIM,Regalo蕾家樂咖啡 披薩｜ 咖啡 四月遷移到遼北街141號,22.6461605,120.2913206,4.8,116.0,,"cafe,restaurant,food,point_of_interest,establishment",十全三路1號
高雄市,鼓山區,ChIJyReI0HAEbjQRSEGMeUeQZCE,小堤咖啡,22.6256522,120.2835454,4.3,912.0,1.0,"cafe,food,point_of_interest,establishment",鹽埕街40巷10號
高雄市,鼓山區,ChIJRyk1TgQFbjQRI8uRfg9hO_c,『羅斯朵』X『幾分』｜咖啡X酒吧,22.6581753,120.3055825,4.6,280.0,,"cafe,store,restaurant,food,point_of_interest,establishment",忠言路115號
